timestamp,simple-path,time
2021-05-31 03:51:49.562,/master/welcome,3512
2021-05-31 03:51:49.871,/master/welcome,279
2021-05-31 03:51:51.197,/master/sign-in,1153
2021-05-31 03:51:52.531,/master/welcome,609
2021-05-31 03:52:00.202,/master/welcome,251
2021-05-31 03:52:00.899,/master/welcome,596
2021-05-31 03:52:01.234,/master/welcome,262
2021-05-31 03:52:01.485,/master/welcome,223
2021-05-31 03:52:02.191,/master/sign-in,582
2021-05-31 03:52:03.472,/master/welcome,590
2021-05-31 03:52:34.327,/master/welcome,242
2021-05-31 03:52:35.021,/master/welcome,583
2021-05-31 03:52:35.302,/master/welcome,190
2021-05-31 03:52:39.334,/master/welcome,302
2021-05-31 03:52:39.578,/master/welcome,195
2021-05-31 03:52:40.273,/master/sign-in,590
2021-05-31 03:52:41.54,/master/welcome,598
2021-05-31 03:52:48.62,/master/welcome,207
2021-05-31 03:52:49.337,/master/welcome,603
2021-05-31 03:52:49.671,/master/welcome,203
2021-05-31 03:52:49.935,/master/welcome,205
2021-05-31 03:52:50.63,/master/sign-in,586
2021-05-31 03:52:51.901,/master/welcome,601
2021-05-31 03:52:52.952,/master/welcome,583
2021-05-31 03:53:23.521,/master/welcome,195
2021-05-31 03:53:24.246,/master/welcome,610
2021-05-31 03:53:24.523,/master/welcome,191
2021-05-31 03:53:24.744,/master/welcome,190
2021-05-31 03:53:25.452,/master/sign-in,598
2021-05-31 03:53:26.743,/master/welcome,604
2021-05-31 03:53:27.779,/master/welcome,587
2021-05-31 03:53:58.406,/master/welcome,221
2021-05-31 03:53:59.105,/master/welcome,595
2021-05-31 03:53:59.392,/master/welcome,208
2021-05-31 03:53:59.61,/master/welcome,187
2021-05-31 03:54:00.339,/master/sign-in,602
2021-05-31 03:54:01.653,/master/welcome,596
2021-05-31 03:54:02.723,/master/welcome,587
2021-05-31 03:54:33.346,/master/welcome,198
2021-05-31 03:54:34.056,/master/welcome,599
2021-05-31 03:54:34.348,/master/welcome,205
2021-05-31 03:54:34.554,/master/welcome,178
2021-05-31 03:54:35.261,/master/sign-in,596
2021-05-31 03:54:36.542,/master/welcome,611
2021-05-31 03:54:37.611,/master/welcome,588
2021-05-31 03:55:08.225,/master/welcome,203
2021-05-31 03:55:08.919,/master/welcome,585
2021-05-31 03:55:09.186,/master/welcome,193
2021-05-31 03:55:09.436,/master/welcome,222
2021-05-31 03:55:10.144,/master/sign-in,599
2021-05-31 03:55:11.428,/master/welcome,587
2021-05-31 03:55:12.488,/master/welcome,585
2021-05-31 03:55:43.063,/master/welcome,209
2021-05-31 03:55:43.765,/master/welcome,596
2021-05-31 03:55:44.025,/master/welcome,177
2021-05-31 03:55:44.242,/master/welcome,187
2021-05-31 03:55:44.965,/master/sign-in,614
2021-05-31 03:55:46.245,/master/welcome,599
2021-05-31 03:55:47.315,/master/welcome,587
2021-05-31 03:56:17.96,/master/welcome,236
2021-05-31 03:56:18.676,/master/welcome,601
2021-05-31 03:56:18.956,/master/welcome,208
2021-05-31 03:56:19.161,/master/welcome,175
2021-05-31 03:56:19.891,/master/sign-in,616
2021-05-31 03:56:21.165,/master/welcome,600
2021-05-31 03:56:22.224,/master/welcome,590
2021-05-31 03:56:52.817,/master/welcome,204
2021-05-31 03:56:53.545,/master/welcome,599
2021-05-31 03:56:53.842,/master/welcome,222
2021-05-31 03:56:54.048,/master/welcome,179
2021-05-31 03:56:54.779,/master/sign-in,615
2021-05-31 03:56:56.062,/master/welcome,601
2021-05-31 03:56:57.119,/master/welcome,585
2021-05-31 03:57:27.704,/master/welcome,206
2021-05-31 03:57:28.405,/master/welcome,589
2021-05-31 03:57:28.669,/master/welcome,193
2021-05-31 03:57:28.875,/master/welcome,179
2021-05-31 03:57:29.58,/master/sign-in,596
2021-05-31 03:57:30.869,/master/welcome,600
2021-05-31 03:57:31.966,/master/welcome,600
2021-05-31 03:58:02.557,/master/welcome,209
2021-05-31 03:58:03.296,/master/welcome,610
2021-05-31 03:58:03.578,/master/welcome,207
2021-05-31 03:58:03.831,/master/welcome,219
2021-05-31 03:58:04.528,/master/sign-in,586
2021-05-31 03:58:05.82,/master/welcome,604
2021-05-31 03:58:06.894,/administrator/configuration/create,601
2021-05-31 03:58:07.152,/master/welcome,192
2021-05-31 03:58:07.878,/master/welcome,599
2021-05-31 03:58:08.14,/master/welcome,192
2021-05-31 03:58:08.347,/master/welcome,177
2021-05-31 03:58:09.052,/master/sign-in,595
2021-05-31 03:58:10.351,/master/welcome,611
2021-05-31 03:58:11.448,/administrator/configuration/create,582
2021-05-31 03:58:11.699,/master/welcome,190
2021-05-31 03:58:12.412,/master/welcome,600
2021-05-31 03:58:12.708,/master/welcome,204
2021-05-31 03:58:12.91,/master/welcome,173
2021-05-31 03:58:13.603,/master/sign-in,583
2021-05-31 03:58:14.895,/master/welcome,598
2021-05-31 03:58:15.965,/administrator/configuration/create,600
2021-05-31 03:58:16.215,/master/welcome,190
2021-05-31 03:58:16.918,/master/welcome,597
2021-05-31 03:58:17.17,/master/welcome,177
2021-05-31 03:58:17.379,/master/welcome,176
2021-05-31 03:58:18.107,/master/sign-in,590
2021-05-31 03:58:19.389,/master/welcome,592
2021-05-31 03:58:20.442,/administrator/configuration/create,598
2021-05-31 03:58:20.7,/master/welcome,205
2021-05-31 03:58:21.403,/master/welcome,588
2021-05-31 03:58:24.853,/master/welcome,268
2021-05-31 03:58:25.104,/master/welcome,214
2021-05-31 03:58:25.854,/master/sign-in,616
2021-05-31 03:58:27.122,/master/welcome,585
2021-05-31 03:58:34.191,/master/welcome,199
2021-05-31 03:58:34.927,/master/welcome,611
2021-05-31 03:58:35.192,/master/welcome,190
2021-05-31 03:58:35.689,/master/welcome,206
2021-05-31 03:58:35.888,/master/welcome,173
2021-05-31 03:58:36.651,/master/sign-in,618
2021-05-31 03:58:37.934,/master/welcome,596
2021-05-31 03:59:08.621,/master/welcome,221
2021-05-31 03:59:09.327,/master/welcome,583
2021-05-31 03:59:09.621,/master/welcome,219
2021-05-31 03:59:09.827,/master/welcome,184
2021-05-31 03:59:10.541,/master/sign-in,598
2021-05-31 03:59:11.847,/master/welcome,595
2021-05-31 03:59:46.998,/master/welcome,203
2021-05-31 03:59:47.724,/master/welcome,592
2021-05-31 03:59:51.405,/master/welcome,258
2021-05-31 03:59:51.605,/master/welcome,168
2021-05-31 03:59:52.323,/master/sign-in,594
2021-05-31 03:59:53.586,/master/welcome,595
2021-05-31 04:00:01.234,/master/welcome,205
2021-05-31 04:00:01.968,/master/welcome,606
2021-05-31 04:00:02.237,/master/welcome,195
2021-05-31 04:00:02.463,/master/welcome,197
2021-05-31 04:00:03.168,/master/sign-in,600
2021-05-31 04:00:04.452,/master/welcome,599
2021-05-31 04:00:05.381,/authenticated/task/list,702
2021-05-31 04:00:06.573,/master/welcome,207
2021-05-31 04:00:07.275,/master/welcome,599
2021-05-31 04:00:07.539,/master/welcome,192
2021-05-31 04:00:07.765,/master/welcome,187
2021-05-31 04:00:08.46,/master/sign-in,595
2021-05-31 04:00:09.755,/master/welcome,606
2021-05-31 04:00:10.592,/authenticated/task/list,588
2021-05-31 04:00:11.777,/master/welcome,193
2021-05-31 04:00:12.52,/master/welcome,612
2021-05-31 04:00:12.782,/master/welcome,193
2021-05-31 04:00:13.002,/master/welcome,189
2021-05-31 04:00:13.713,/master/sign-in,600
2021-05-31 04:00:14.98,/master/welcome,597
2021-05-31 04:00:15.807,/authenticated/task/list,586
2021-05-31 04:00:16.97,/master/welcome,208
2021-05-31 04:00:17.667,/master/welcome,587
2021-05-31 04:00:17.945,/master/welcome,203
2021-05-31 04:00:18.166,/master/welcome,189
2021-05-31 04:00:18.873,/master/sign-in,598
2021-05-31 04:00:20.179,/master/welcome,612
2021-05-31 04:00:21.006,/authenticated/task/list,596
2021-05-31 04:00:22.202,/master/welcome,192
2021-05-31 04:00:22.919,/master/welcome,594
2021-05-31 04:00:23.189,/master/welcome,194
2021-05-31 04:00:23.394,/master/welcome,183
2021-05-31 04:00:24.115,/master/sign-in,596
2021-05-31 04:00:25.417,/master/welcome,610
2021-05-31 04:00:26.217,/authenticated/task/list,585
2021-05-31 04:00:27.375,/master/welcome,193
2021-05-31 04:00:28.111,/master/welcome,613
2021-05-31 04:00:28.377,/master/welcome,192
2021-05-31 04:00:28.585,/master/welcome,177
2021-05-31 04:00:29.296,/master/sign-in,587
2021-05-31 04:00:30.582,/master/welcome,598
2021-05-31 04:00:31.407,/authenticated/task/list,598
2021-05-31 04:00:32.612,/master/welcome,193
2021-05-31 04:00:33.325,/master/welcome,596
2021-05-31 04:00:33.594,/master/welcome,191
2021-05-31 04:00:37.424,/master/welcome,269
2021-05-31 04:00:37.684,/master/welcome,214
2021-05-31 04:00:38.422,/master/sign-in,610
2021-05-31 04:00:39.729,/master/welcome,598
2021-05-31 04:00:46.837,/master/welcome,244
2021-05-31 04:00:47.554,/master/welcome,597
2021-05-31 04:00:47.821,/master/welcome,191
2021-05-31 04:00:48.042,/master/welcome,189
2021-05-31 04:00:48.756,/master/sign-in,584
2021-05-31 04:00:50.052,/master/welcome,608
2021-05-31 04:00:50.89,/authenticated/task/list,602
2021-05-31 04:00:52.701,/authenticated/task/show,584
2021-05-31 04:00:53.339,/master/welcome,192
2021-05-31 04:00:54.058,/master/welcome,615
2021-05-31 04:00:54.326,/master/welcome,193
2021-05-31 04:00:54.563,/master/welcome,202
2021-05-31 04:00:55.281,/master/sign-in,612
2021-05-31 04:00:56.571,/master/welcome,600
2021-05-31 04:00:57.377,/authenticated/task/list,588
2021-05-31 04:00:59.219,/authenticated/task/show,613
2021-05-31 04:00:59.793,/master/welcome,192
2021-05-31 04:01:00.503,/master/welcome,599
2021-05-31 04:01:00.748,/master/welcome,170
2021-05-31 04:01:00.954,/master/welcome,178
2021-05-31 04:01:01.675,/master/sign-in,595
2021-05-31 04:01:02.96,/master/welcome,594
2021-05-31 04:01:03.794,/authenticated/task/list,584
2021-05-31 04:01:05.57,/authenticated/task/show,587
2021-05-31 04:01:06.144,/master/welcome,192
2021-05-31 04:01:06.854,/master/welcome,600
2021-05-31 04:01:07.15,/master/welcome,209
2021-05-31 04:01:07.354,/master/welcome,178
2021-05-31 04:01:08.08,/master/sign-in,613
2021-05-31 04:01:09.368,/master/welcome,594
2021-05-31 04:01:10.17,/authenticated/task/list,586
2021-05-31 04:01:12.034,/authenticated/task/show,603
2021-05-31 04:01:12.614,/master/welcome,197
2021-05-31 04:01:13.321,/master/welcome,599
2021-05-31 04:01:13.584,/master/welcome,189
2021-05-31 04:01:13.794,/master/welcome,180
2021-05-31 04:01:14.535,/master/sign-in,617
2021-05-31 04:01:15.831,/master/welcome,610
2021-05-31 04:01:16.677,/authenticated/task/list,602
2021-05-31 04:01:18.455,/authenticated/task/show,595
2021-05-31 04:01:19.047,/master/welcome,191
2021-05-31 04:01:19.772,/master/welcome,607
2021-05-31 04:01:20.028,/master/welcome,188
2021-05-31 04:01:20.252,/master/welcome,192
2021-05-31 04:01:20.959,/master/sign-in,599
2021-05-31 04:01:22.239,/master/welcome,612
2021-05-31 04:01:23.049,/authenticated/task/list,600
2021-05-31 04:01:24.908,/authenticated/task/show,597
2021-05-31 04:01:25.497,/master/welcome,196
2021-05-31 04:01:26.207,/master/welcome,600
2021-05-31 04:01:26.454,/master/welcome,178
2021-05-31 04:01:30.301,/master/welcome,278
2021-05-31 04:01:30.562,/master/welcome,232
2021-05-31 04:01:31.296,/master/sign-in,599
2021-05-31 04:01:32.573,/master/welcome,602
2021-05-31 04:01:39.651,/master/welcome,218
2021-05-31 04:01:40.381,/master/welcome,608
2021-05-31 04:01:40.648,/master/welcome,188
2021-05-31 04:01:40.864,/master/welcome,185
2021-05-31 04:01:41.581,/master/sign-in,608
2021-05-31 04:01:42.859,/master/welcome,589
2021-05-31 04:01:43.678,/manager/task/list,588
2021-05-31 04:01:44.507,/manager/task/show,584
2021-05-31 04:01:45.234,/manager/task/list,665
2021-05-31 04:01:45.996,/manager/task/list,590
2021-05-31 04:01:46.282,/master/welcome,211
2021-05-31 04:01:46.5,/master/welcome,196
2021-05-31 04:01:47.213,/master/sign-in,589
2021-05-31 04:01:48.458,/master/welcome,580
2021-05-31 04:01:49.275,/manager/task/list,585
2021-05-31 04:01:49.735,/master/welcome,204
2021-05-31 04:01:50.463,/master/welcome,616
2021-05-31 04:01:50.728,/master/welcome,195
2021-05-31 04:01:51.441,/master/sign-in,585
2021-05-31 04:01:52.72,/master/welcome,607
2021-05-31 04:01:53.539,/manager/task/list,587
2021-05-31 04:01:57.38,/master/welcome,277
2021-05-31 04:01:57.601,/master/welcome,196
2021-05-31 04:01:58.304,/master/sign-in,596
2021-05-31 04:01:59.576,/master/welcome,600
2021-05-31 04:02:07.74,/master/welcome,202
2021-05-31 04:02:08.471,/master/welcome,608
2021-05-31 04:02:08.739,/master/welcome,190
2021-05-31 04:02:08.961,/master/welcome,193
2021-05-31 04:02:09.672,/master/sign-in,600
2021-05-31 04:02:10.939,/master/welcome,598
2021-05-31 04:02:11.762,/manager/task/list,588
2021-05-31 04:02:13.029,/master/welcome,182
2021-05-31 04:02:13.233,/master/welcome,175
2021-05-31 04:02:13.944,/master/sign-in,598
2021-05-31 04:02:15.199,/master/welcome,588
2021-05-31 04:02:16.016,/manager/task/list,587
2021-05-31 04:02:17.285,/master/welcome,208
2021-05-31 04:02:17.581,/master/welcome,190
2021-05-31 04:02:18.269,/master/sign-in,581
2021-05-31 04:02:19.523,/master/welcome,578
2021-05-31 04:02:20.361,/manager/task/list,605
2021-05-31 04:02:21.58,/master/welcome,179
2021-05-31 04:02:21.784,/master/welcome,173
2021-05-31 04:02:22.499,/master/sign-in,602
2021-05-31 04:02:23.797,/master/welcome,603
2021-05-31 04:02:24.613,/manager/task/list,587
2021-05-31 04:02:25.851,/master/welcome,194
2021-05-31 04:02:26.055,/master/welcome,180
2021-05-31 04:02:26.751,/master/sign-in,586
2021-05-31 04:02:28.042,/master/welcome,610
2021-05-31 04:02:28.862,/manager/task/list,590
2021-05-31 04:02:30.045,/master/welcome,177
2021-05-31 04:02:30.251,/master/welcome,176
2021-05-31 04:02:30.971,/master/sign-in,614
2021-05-31 04:02:32.271,/master/welcome,611
2021-05-31 04:02:33.084,/manager/task/list,582
2021-05-31 04:02:34.326,/master/welcome,193
2021-05-31 04:02:37.679,/master/welcome,290
2021-05-31 04:02:37.915,/master/welcome,200
2021-05-31 04:02:38.62,/master/sign-in,595
2021-05-31 04:02:39.885,/master/welcome,590
2021-05-31 04:02:46.995,/master/welcome,208
2021-05-31 04:02:47.712,/master/welcome,596
2021-05-31 04:02:47.98,/master/welcome,190
2021-05-31 04:02:48.219,/master/welcome,204
2021-05-31 04:02:48.939,/master/sign-in,599
2021-05-31 04:02:50.251,/master/welcome,612
2021-05-31 04:02:51.061,/manager/task/create,598
2021-05-31 04:02:52.492,/master/welcome,587
2021-05-31 04:03:22.764,/master/welcome,205
2021-05-31 04:03:22.972,/master/welcome,179
2021-05-31 04:03:23.699,/master/sign-in,616
2021-05-31 04:03:24.993,/master/welcome,588
2021-05-31 04:03:25.833,/manager/task/create,598
2021-05-31 04:03:27.267,/master/welcome,588
2021-05-31 04:03:57.574,/master/welcome,240
2021-05-31 04:03:57.779,/master/welcome,178
2021-05-31 04:03:58.477,/master/sign-in,585
2021-05-31 04:03:59.762,/master/welcome,596
2021-05-31 04:04:00.572,/manager/task/create,588
2021-05-31 04:04:03.017,/master/welcome,608
2021-05-31 04:04:33.301,/master/welcome,203
2021-05-31 04:04:33.504,/master/welcome,174
2021-05-31 04:04:34.221,/master/sign-in,599
2021-05-31 04:04:35.503,/master/welcome,612
2021-05-31 04:04:36.301,/manager/task/create,584
2021-05-31 04:04:37.833,/master/welcome,588
2021-05-31 04:05:08.114,/master/welcome,209
2021-05-31 04:05:08.351,/master/welcome,208
2021-05-31 04:05:09.06,/master/sign-in,598
2021-05-31 04:05:10.347,/master/welcome,586
2021-05-31 04:05:11.166,/manager/task/create,600
2021-05-31 04:05:12.586,/master/welcome,590
2021-05-31 04:05:42.858,/master/welcome,205
2021-05-31 04:05:43.082,/master/welcome,188
2021-05-31 04:05:43.804,/master/sign-in,598
2021-05-31 04:05:45.114,/master/welcome,608
2021-05-31 04:05:45.963,/manager/task/create,599
2021-05-31 04:05:47.378,/master/welcome,589
2021-05-31 04:06:17.672,/master/welcome,217
2021-05-31 04:06:17.894,/master/welcome,193
2021-05-31 04:06:18.622,/master/sign-in,604
2021-05-31 04:06:19.914,/master/welcome,608
2021-05-31 04:06:20.769,/manager/task/create,598
2021-05-31 04:06:22.226,/master/welcome,589
2021-05-31 04:06:52.499,/master/welcome,210
2021-05-31 04:06:52.716,/master/welcome,192
2021-05-31 04:06:53.442,/master/sign-in,615
2021-05-31 04:06:54.702,/master/welcome,599
2021-05-31 04:06:55.547,/manager/task/create,598
2021-05-31 04:06:56.955,/master/welcome,587
2021-05-31 04:07:27.228,/master/welcome,209
2021-05-31 04:07:27.434,/master/welcome,180
2021-05-31 04:07:28.147,/master/sign-in,589
2021-05-31 04:07:29.425,/master/welcome,597
2021-05-31 04:07:30.223,/manager/task/create,582
2021-05-31 04:07:31.628,/master/welcome,587
2021-05-31 04:08:01.941,/master/welcome,239
2021-05-31 04:08:02.177,/master/welcome,208
2021-05-31 04:08:02.888,/master/sign-in,597
2021-05-31 04:08:04.174,/master/welcome,600
2021-05-31 04:08:04.976,/manager/task/create,587
2021-05-31 04:08:06.275,/manager/task/create,599
2021-05-31 04:08:06.546,/master/welcome,191
2021-05-31 04:08:06.762,/master/welcome,190
2021-05-31 04:08:07.489,/master/sign-in,613
2021-05-31 04:08:08.759,/master/welcome,599
2021-05-31 04:08:09.558,/manager/task/create,586
2021-05-31 04:08:10.98,/manager/task/create,583
2021-05-31 04:08:11.253,/master/welcome,191
2021-05-31 04:08:11.471,/master/welcome,191
2021-05-31 04:08:12.183,/master/sign-in,597
2021-05-31 04:08:13.464,/master/welcome,611
2021-05-31 04:08:14.28,/manager/task/create,586
2021-05-31 04:08:15.772,/manager/task/create,585
2021-05-31 04:08:16.022,/master/welcome,184
2021-05-31 04:08:16.223,/master/welcome,175
2021-05-31 04:08:16.95,/master/sign-in,612
2021-05-31 04:08:18.214,/master/welcome,597
2021-05-31 04:08:19.031,/manager/task/create,596
2021-05-31 04:08:20.407,/manager/task/create,582
2021-05-31 04:08:20.692,/master/welcome,209
2021-05-31 04:08:20.914,/master/welcome,191
2021-05-31 04:08:21.61,/master/sign-in,587
2021-05-31 04:08:22.882,/master/welcome,583
2021-05-31 04:08:23.725,/manager/task/create,587
2021-05-31 04:08:25.309,/manager/task/create,582
2021-05-31 04:08:25.563,/master/welcome,178
2021-05-31 04:08:25.77,/master/welcome,176
2021-05-31 04:08:26.477,/master/sign-in,600
2021-05-31 04:08:27.77,/master/welcome,613
2021-05-31 04:08:28.586,/manager/task/create,587
2021-05-31 04:08:29.996,/manager/task/create,585
2021-05-31 04:08:30.256,/master/welcome,191
2021-05-31 04:08:30.463,/master/welcome,179
2021-05-31 04:08:31.17,/master/sign-in,600
2021-05-31 04:08:32.473,/master/welcome,610
2021-05-31 04:08:33.323,/manager/task/create,587
2021-05-31 04:08:34.73,/manager/task/create,600
2021-05-31 04:08:34.993,/master/welcome,190
2021-05-31 04:08:35.198,/master/welcome,174
2021-05-31 04:08:35.927,/master/sign-in,599
2021-05-31 04:08:37.228,/master/welcome,597
2021-05-31 04:08:38.069,/manager/task/create,599
2021-05-31 04:08:39.46,/manager/task/create,585
2021-05-31 04:08:39.736,/master/welcome,196
2021-05-31 04:08:39.967,/master/welcome,210
2021-05-31 04:08:40.666,/master/sign-in,588
2021-05-31 04:08:41.962,/master/welcome,611
2021-05-31 04:08:42.779,/manager/task/create,587
2021-05-31 04:08:44.196,/manager/task/create,582
2021-05-31 04:08:44.456,/master/welcome,179
2021-05-31 04:08:44.658,/master/welcome,173
2021-05-31 04:08:45.365,/master/sign-in,579
2021-05-31 04:08:46.689,/master/welcome,609
2021-05-31 04:08:47.525,/manager/task/create,599
2021-05-31 04:08:48.971,/manager/task/create,601
2021-05-31 04:08:49.25,/master/welcome,205
2021-05-31 04:08:49.455,/master/welcome,173
2021-05-31 04:08:50.15,/master/sign-in,588
2021-05-31 04:08:51.436,/master/welcome,596
2021-05-31 04:08:52.252,/manager/task/create,601
2021-05-31 04:08:53.674,/manager/task/create,599
2021-05-31 04:08:53.941,/master/welcome,189
2021-05-31 04:08:54.158,/master/welcome,189
2021-05-31 04:08:54.859,/master/sign-in,591
2021-05-31 04:08:56.121,/master/welcome,584
2021-05-31 04:08:56.935,/manager/task/create,583
2021-05-31 04:08:58.331,/manager/task/create,586
2021-05-31 04:08:58.578,/master/welcome,175
2021-05-31 04:08:58.782,/master/welcome,179
2021-05-31 04:08:59.493,/master/sign-in,599
2021-05-31 04:09:00.777,/master/welcome,598
2021-05-31 04:09:01.594,/manager/task/create,602
2021-05-31 04:09:03.003,/manager/task/create,584
2021-05-31 04:09:03.27,/master/welcome,189
2021-05-31 04:09:03.57,/master/welcome,206
2021-05-31 04:09:04.28,/master/sign-in,599
2021-05-31 04:09:05.564,/master/welcome,595
2021-05-31 04:09:06.369,/manager/task/create,589
2021-05-31 04:09:07.782,/manager/task/create,600
2021-05-31 04:09:08.042,/master/welcome,191
2021-05-31 04:09:08.283,/master/welcome,211
2021-05-31 04:09:08.988,/master/sign-in,595
2021-05-31 04:09:10.252,/master/welcome,601
2021-05-31 04:09:11.07,/manager/task/create,587
2021-05-31 04:09:12.497,/manager/task/create,588
2021-05-31 04:09:12.774,/master/welcome,203
2021-05-31 04:09:13.011,/master/welcome,205
2021-05-31 04:09:13.74,/master/sign-in,600
2021-05-31 04:09:15.035,/master/welcome,596
2021-05-31 04:09:15.884,/manager/task/create,600
2021-05-31 04:09:17.28,/manager/task/create,588
2021-05-31 04:09:17.543,/master/welcome,189
2021-05-31 04:09:17.75,/master/welcome,177
2021-05-31 04:09:18.469,/master/sign-in,610
2021-05-31 04:09:19.758,/master/welcome,600
2021-05-31 04:09:20.573,/manager/task/create,584
2021-05-31 04:09:21.96,/manager/task/create,581
2021-05-31 04:09:22.229,/master/welcome,195
2021-05-31 04:09:22.434,/master/welcome,177
2021-05-31 04:09:23.124,/master/sign-in,587
2021-05-31 04:09:24.44,/master/welcome,613
2021-05-31 04:09:25.268,/manager/task/create,600
2021-05-31 04:09:26.696,/manager/task/create,617
2021-05-31 04:09:26.948,/master/welcome,179
2021-05-31 04:09:27.203,/master/welcome,223
2021-05-31 04:09:27.913,/master/sign-in,598
2021-05-31 04:09:29.181,/master/welcome,592
2021-05-31 04:09:30.008,/manager/task/create,585
2021-05-31 04:09:31.471,/manager/task/create,579
2021-05-31 04:09:31.757,/master/welcome,204
2021-05-31 04:09:31.963,/master/welcome,178
2021-05-31 04:09:32.678,/master/sign-in,610
2021-05-31 04:09:33.961,/master/welcome,594
2021-05-31 04:09:34.807,/manager/task/create,597
2021-05-31 04:09:36.22,/manager/task/create,608
2021-05-31 04:09:39.681,/master/welcome,266
2021-05-31 04:09:39.897,/master/welcome,188
2021-05-31 04:09:40.614,/master/sign-in,599
2021-05-31 04:09:41.902,/master/welcome,596
2021-05-31 04:09:48.976,/master/welcome,222
2021-05-31 04:09:49.708,/master/welcome,598
2021-05-31 04:09:49.964,/master/welcome,176
2021-05-31 04:09:50.245,/master/welcome,252
2021-05-31 04:09:50.936,/master/sign-in,584
2021-05-31 04:09:52.226,/master/welcome,599
2021-05-31 04:09:53.054,/manager/task/list,599
2021-05-31 04:09:53.889,/manager/task/show,597
2021-05-31 04:09:55.838,/manager/task/list,1139
2021-05-31 04:10:26.096,/master/welcome,195
2021-05-31 04:10:26.317,/master/welcome,199
2021-05-31 04:10:27.03,/master/sign-in,598
2021-05-31 04:10:28.29,/master/welcome,583
2021-05-31 04:10:29.1,/manager/task/list,587
2021-05-31 04:10:29.945,/manager/task/show,601
2021-05-31 04:10:31.374,/manager/task/list,621
2021-05-31 04:11:01.656,/master/welcome,207
2021-05-31 04:11:01.878,/master/welcome,189
2021-05-31 04:11:02.58,/master/sign-in,596
2021-05-31 04:11:03.883,/master/welcome,612
2021-05-31 04:11:04.701,/manager/task/list,587
2021-05-31 04:11:05.534,/manager/task/show,600
2021-05-31 04:11:06.978,/manager/task/list,620
2021-05-31 04:11:37.26,/master/welcome,219
2021-05-31 04:11:37.474,/master/welcome,184
2021-05-31 04:11:38.16,/master/sign-in,585
2021-05-31 04:11:39.48,/master/welcome,599
2021-05-31 04:11:40.303,/manager/task/list,590
2021-05-31 04:11:41.138,/manager/task/show,600
2021-05-31 04:11:42.629,/manager/task/list,594
2021-05-31 04:12:12.922,/master/welcome,224
2021-05-31 04:12:13.131,/master/welcome,175
2021-05-31 04:12:13.88,/master/sign-in,608
2021-05-31 04:12:15.162,/master/welcome,612
2021-05-31 04:12:15.965,/manager/task/list,589
2021-05-31 04:12:16.777,/manager/task/show,586
2021-05-31 04:12:18.233,/manager/task/list,634
2021-05-31 04:12:48.503,/master/welcome,202
2021-05-31 04:12:48.709,/master/welcome,179
2021-05-31 04:12:49.405,/master/sign-in,585
2021-05-31 04:12:50.669,/master/welcome,581
2021-05-31 04:12:51.491,/manager/task/list,590
2021-05-31 04:12:52.336,/manager/task/show,600
2021-05-31 04:12:53.767,/manager/task/list,604
2021-05-31 04:13:24.05,/master/welcome,219
2021-05-31 04:13:24.289,/master/welcome,212
2021-05-31 04:13:24.997,/master/sign-in,598
2021-05-31 04:13:26.295,/master/welcome,612
2021-05-31 04:13:27.105,/manager/task/list,581
2021-05-31 04:13:27.928,/manager/task/show,586
2021-05-31 04:13:29.388,/manager/task/list,612
2021-05-31 04:13:59.655,/master/welcome,205
2021-05-31 04:13:59.861,/master/welcome,177
2021-05-31 04:14:00.568,/master/sign-in,595
2021-05-31 04:14:01.855,/master/welcome,594
2021-05-31 04:14:02.661,/manager/task/list,587
2021-05-31 04:14:03.494,/manager/task/show,599
2021-05-31 04:14:04.917,/manager/task/list,603
2021-05-31 04:14:35.198,/master/welcome,213
2021-05-31 04:14:35.414,/master/welcome,197
2021-05-31 04:14:36.128,/master/sign-in,604
2021-05-31 04:14:37.424,/master/welcome,614
2021-05-31 04:14:38.238,/manager/task/list,587
2021-05-31 04:14:39.065,/manager/task/show,583
2021-05-31 04:14:40.477,/manager/task/list,587
2021-05-31 04:15:10.747,/master/welcome,208
2021-05-31 04:15:10.947,/master/welcome,174
2021-05-31 04:15:11.653,/master/sign-in,596
2021-05-31 04:15:12.935,/master/welcome,591
2021-05-31 04:15:13.774,/manager/task/list,586
2021-05-31 04:15:14.584,/manager/task/show,584
2021-05-31 04:15:15.886,/manager/task/update,599
2021-05-31 04:15:16.132,/master/welcome,176
2021-05-31 04:15:16.34,/master/welcome,180
2021-05-31 04:15:17.039,/master/sign-in,589
2021-05-31 04:15:18.309,/master/welcome,581
2021-05-31 04:15:19.187,/manager/task/list,602
2021-05-31 04:15:20.032,/manager/task/show,589
2021-05-31 04:15:21.421,/manager/task/update,600
2021-05-31 04:15:21.684,/master/welcome,191
2021-05-31 04:15:21.889,/master/welcome,183
2021-05-31 04:15:22.586,/master/sign-in,586
2021-05-31 04:15:23.885,/master/welcome,595
2021-05-31 04:15:24.692,/manager/task/list,588
2021-05-31 04:15:25.514,/manager/task/show,595
2021-05-31 04:15:26.948,/manager/task/update,601
2021-05-31 04:15:27.211,/master/welcome,194
2021-05-31 04:15:27.416,/master/welcome,177
2021-05-31 04:15:28.156,/master/sign-in,605
2021-05-31 04:15:29.436,/master/welcome,611
2021-05-31 04:15:30.235,/manager/task/list,591
2021-05-31 04:15:31.047,/manager/task/show,582
2021-05-31 04:15:32.434,/manager/task/update,607
2021-05-31 04:15:32.707,/master/welcome,191
2021-05-31 04:15:32.908,/master/welcome,178
2021-05-31 04:15:33.635,/master/sign-in,614
2021-05-31 04:15:34.919,/master/welcome,588
2021-05-31 04:15:35.729,/manager/task/list,586
2021-05-31 04:15:36.568,/manager/task/show,588
2021-05-31 04:15:38.082,/manager/task/update,584
2021-05-31 04:15:38.367,/master/welcome,218
2021-05-31 04:15:38.572,/master/welcome,185
2021-05-31 04:15:39.263,/master/sign-in,585
2021-05-31 04:15:40.575,/master/welcome,596
2021-05-31 04:15:41.398,/manager/task/list,587
2021-05-31 04:15:42.227,/manager/task/show,599
2021-05-31 04:15:43.608,/manager/task/update,585
2021-05-31 04:15:43.865,/master/welcome,178
2021-05-31 04:15:44.084,/master/welcome,196
2021-05-31 04:15:44.794,/master/sign-in,600
2021-05-31 04:15:46.088,/master/welcome,609
2021-05-31 04:15:46.895,/manager/task/list,585
2021-05-31 04:15:47.729,/manager/task/show,582
2021-05-31 04:15:49.138,/manager/task/update,583
2021-05-31 04:15:49.406,/master/welcome,192
2021-05-31 04:15:49.61,/master/welcome,177
2021-05-31 04:15:50.317,/master/sign-in,596
2021-05-31 04:15:51.589,/master/welcome,595
2021-05-31 04:15:52.409,/manager/task/list,605
2021-05-31 04:15:53.234,/manager/task/show,597
2021-05-31 04:15:54.632,/manager/task/update,603
2021-05-31 04:15:54.915,/master/welcome,177
2021-05-31 04:15:55.116,/master/welcome,173
2021-05-31 04:15:55.822,/master/sign-in,597
2021-05-31 04:15:57.131,/master/welcome,595
2021-05-31 04:15:57.944,/manager/task/list,587
2021-05-31 04:15:58.759,/manager/task/show,584
2021-05-31 04:16:00.144,/manager/task/update,587
2021-05-31 04:16:00.439,/master/welcome,210
2021-05-31 04:16:00.645,/master/welcome,179
2021-05-31 04:16:01.345,/master/sign-in,590
2021-05-31 04:16:02.606,/master/welcome,586
2021-05-31 04:16:03.418,/manager/task/list,589
2021-05-31 04:16:04.239,/manager/task/show,586
2021-05-31 04:16:05.652,/manager/task/update,600
2021-05-31 04:16:05.899,/master/welcome,176
2021-05-31 04:16:06.105,/master/welcome,181
2021-05-31 04:16:06.818,/master/sign-in,601
2021-05-31 04:16:08.11,/master/welcome,607
2021-05-31 04:16:08.952,/manager/task/list,588
2021-05-31 04:16:09.781,/manager/task/show,586
2021-05-31 04:16:11.189,/manager/task/update,595
2021-05-31 04:16:11.488,/master/welcome,223
2021-05-31 04:16:11.692,/master/welcome,174
2021-05-31 04:16:12.397,/master/sign-in,595
2021-05-31 04:16:13.678,/master/welcome,589
2021-05-31 04:16:14.486,/manager/task/list,589
2021-05-31 04:16:15.302,/manager/task/show,585
2021-05-31 04:16:16.696,/manager/task/update,586
2021-05-31 04:16:16.958,/master/welcome,188
2021-05-31 04:16:17.162,/master/welcome,177
2021-05-31 04:16:17.907,/master/sign-in,624
2021-05-31 04:16:19.189,/master/welcome,599
2021-05-31 04:16:19.993,/manager/task/list,589
2021-05-31 04:16:20.824,/manager/task/show,600
2021-05-31 04:16:22.245,/manager/task/update,610
2021-05-31 04:16:22.518,/master/welcome,192
2021-05-31 04:16:22.72,/master/welcome,179
2021-05-31 04:16:23.432,/master/sign-in,600
2021-05-31 04:16:24.727,/master/welcome,610
2021-05-31 04:16:25.524,/manager/task/list,584
2021-05-31 04:16:26.396,/manager/task/show,636
2021-05-31 04:16:27.796,/manager/task/update,587
2021-05-31 04:16:28.086,/master/welcome,204
2021-05-31 04:16:28.299,/master/welcome,190
2021-05-31 04:16:28.994,/master/sign-in,586
2021-05-31 04:16:30.282,/master/welcome,600
2021-05-31 04:16:31.163,/manager/task/list,580
2021-05-31 04:16:31.985,/manager/task/show,597
2021-05-31 04:16:33.407,/manager/task/update,587
2021-05-31 04:16:33.653,/master/welcome,177
2021-05-31 04:16:33.861,/master/welcome,175
2021-05-31 04:16:34.566,/master/sign-in,595
2021-05-31 04:16:35.901,/master/welcome,591
2021-05-31 04:16:36.735,/manager/task/list,583
2021-05-31 04:16:37.574,/manager/task/show,596
2021-05-31 04:16:39.006,/manager/task/update,644
2021-05-31 04:16:39.27,/master/welcome,191
2021-05-31 04:16:39.489,/master/welcome,188
2021-05-31 04:16:40.201,/master/sign-in,601
2021-05-31 04:16:41.481,/master/welcome,612
2021-05-31 04:16:42.297,/manager/task/list,587
2021-05-31 04:16:43.143,/manager/task/show,582
2021-05-31 04:16:44.553,/manager/task/update,584
2021-05-31 04:16:44.805,/master/welcome,178
2021-05-31 04:16:45.024,/master/welcome,195
2021-05-31 04:16:45.73,/master/sign-in,597
2021-05-31 04:16:47.015,/master/welcome,596
2021-05-31 04:16:47.962,/manager/task/list,606
2021-05-31 04:16:48.778,/manager/task/show,583
2021-05-31 04:16:50.17,/manager/task/update,581
2021-05-31 04:16:50.451,/master/welcome,206
2021-05-31 04:16:50.657,/master/welcome,176
2021-05-31 04:16:51.354,/master/sign-in,589
2021-05-31 04:16:52.682,/master/welcome,612
2021-05-31 04:16:53.535,/manager/task/list,601
2021-05-31 04:16:54.349,/manager/task/show,582
2021-05-31 04:16:55.751,/manager/task/update,596
2021-05-31 04:16:56.021,/master/welcome,191
2021-05-31 04:16:56.224,/master/welcome,179
2021-05-31 04:16:56.929,/master/sign-in,597
2021-05-31 04:16:58.211,/master/welcome,585
2021-05-31 04:16:59.028,/manager/task/list,588
2021-05-31 04:16:59.871,/manager/task/show,619
2021-05-31 04:17:01.276,/manager/task/update,608
2021-05-31 04:17:01.546,/master/welcome,190
2021-05-31 04:17:01.766,/master/welcome,192
2021-05-31 04:17:02.472,/master/sign-in,603
2021-05-31 04:17:03.756,/master/welcome,596
2021-05-31 04:17:04.562,/manager/task/list,585
2021-05-31 04:17:05.383,/manager/task/show,588
2021-05-31 04:17:06.742,/manager/task/update,585
2021-05-31 04:17:10.218,/master/welcome,275
2021-05-31 04:17:10.488,/master/welcome,231
2021-05-31 04:17:11.22,/master/sign-in,610
2021-05-31 04:17:12.488,/master/welcome,596
2021-05-31 04:17:20.147,/master/welcome,206
2021-05-31 04:17:20.854,/master/welcome,598
2021-05-31 04:17:21.103,/master/welcome,176
2021-05-31 04:17:21.354,/master/welcome,220
2021-05-31 04:17:22.075,/master/sign-in,611
2021-05-31 04:17:23.369,/master/welcome,609
2021-05-31 04:17:24.184,/manager/task/list,595
2021-05-31 04:17:25.044,/manager/task/show,594
2021-05-31 04:17:25.688,/master/welcome,182
2021-05-31 04:17:25.89,/master/welcome,183
2021-05-31 04:17:26.588,/master/sign-in,588
2021-05-31 04:17:27.863,/master/welcome,601
2021-05-31 04:17:28.664,/manager/task/list,585
2021-05-31 04:17:29.485,/manager/task/show,588
2021-05-31 04:17:30.14,/master/welcome,223
2021-05-31 04:17:30.365,/master/welcome,192
2021-05-31 04:17:31.086,/master/sign-in,600
2021-05-31 04:17:32.37,/master/welcome,599
2021-05-31 04:17:33.219,/manager/task/list,589
2021-05-31 04:17:34.073,/manager/task/show,612
2021-05-31 04:17:34.703,/master/welcome,189
2021-05-31 04:17:34.909,/master/welcome,183
2021-05-31 04:17:35.6,/master/sign-in,584
2021-05-31 04:17:36.887,/master/welcome,598
2021-05-31 04:17:37.714,/manager/task/list,601
2021-05-31 04:17:38.541,/manager/task/show,593
2021-05-31 04:17:39.143,/master/welcome,187
2021-05-31 04:17:39.376,/master/welcome,208
2021-05-31 04:17:40.08,/master/sign-in,595
2021-05-31 04:17:41.392,/master/welcome,609
2021-05-31 04:17:42.23,/manager/task/list,601
2021-05-31 04:17:43.074,/manager/task/show,598
2021-05-31 04:17:43.686,/master/welcome,206
2021-05-31 04:17:43.92,/master/welcome,204
2021-05-31 04:17:44.626,/master/sign-in,598
2021-05-31 04:17:45.913,/master/welcome,613
2021-05-31 04:17:46.73,/manager/task/list,589
2021-05-31 04:17:47.56,/manager/task/show,585
2021-05-31 04:17:48.144,/master/welcome,180
2021-05-31 04:17:48.367,/master/welcome,187
2021-05-31 04:17:49.114,/master/sign-in,609
2021-05-31 04:17:50.395,/master/welcome,602
2021-05-31 04:17:51.266,/manager/task/list,594
2021-05-31 04:17:52.119,/manager/task/show,587
2021-05-31 04:17:52.351,/master/welcome,197
2021-05-31 04:17:53.051,/master/welcome,588
2021-05-31 04:17:56.963,/master/welcome,259
2021-05-31 04:17:57.176,/master/welcome,185
2021-05-31 04:17:57.879,/master/sign-in,596
2021-05-31 04:17:59.144,/master/welcome,594
2021-05-31 04:18:06.228,/master/welcome,205
2021-05-31 04:18:06.967,/master/welcome,598
2021-05-31 04:18:07.244,/master/welcome,192
2021-05-31 04:18:08.728,/anonymous/shout/list,591
2021-05-31 04:18:09.663,/master/welcome,191
2021-05-31 04:18:10.437,/anonymous/shout/list,601
2021-05-31 04:18:11.36,/master/welcome,180
2021-05-31 04:18:12.16,/anonymous/shout/list,598
2021-05-31 04:18:13.13,/master/welcome,192
2021-05-31 04:18:13.881,/anonymous/shout/list,582
2021-05-31 04:18:14.843,/master/welcome,209
2021-05-31 04:18:15.622,/anonymous/shout/list,582
2021-05-31 04:18:16.628,/master/welcome,209
2021-05-31 04:18:17.406,/anonymous/shout/list,589
2021-05-31 04:18:18.386,/master/welcome,206
2021-05-31 04:18:19.157,/anonymous/shout/list,600
2021-05-31 04:18:20.095,/master/welcome,189
2021-05-31 04:18:20.868,/anonymous/shout/list,587
2021-05-31 04:18:21.793,/master/welcome,178
2021-05-31 04:18:22.554,/anonymous/shout/list,588
2021-05-31 04:18:23.513,/master/welcome,191
2021-05-31 04:18:24.307,/anonymous/shout/list,602
2021-05-31 04:18:25.289,/master/welcome,194
2021-05-31 04:18:25.493,/master/welcome,176
2021-05-31 04:18:26.199,/master/sign-in,594
2021-05-31 04:18:27.474,/master/welcome,587
2021-05-31 04:18:27.981,/master/welcome,206
2021-05-31 04:18:28.693,/master/welcome,601
2021-05-31 04:18:32.34,/master/welcome,250
2021-05-31 04:18:32.577,/master/welcome,201
2021-05-31 04:18:33.29,/master/sign-in,585
2021-05-31 04:18:34.556,/master/welcome,595
2021-05-31 04:18:41.631,/master/welcome,207
2021-05-31 04:18:42.346,/master/welcome,588
2021-05-31 04:18:42.629,/master/welcome,188
2021-05-31 04:18:44.422,/master/welcome,188
2021-05-31 04:18:45.918,/master/welcome,205
2021-05-31 04:18:47.428,/master/welcome,175
2021-05-31 04:18:48.975,/master/welcome,189
2021-05-31 04:18:50.503,/master/welcome,196
2021-05-31 04:18:52.033,/master/welcome,205
2021-05-31 04:18:53.696,/master/welcome,188
2021-05-31 04:18:55.195,/master/welcome,175
2021-05-31 04:18:56.792,/master/welcome,221
2021-05-31 04:18:58.389,/master/welcome,191
2021-05-31 04:18:59.873,/master/welcome,207
2021-05-31 04:19:01.486,/master/welcome,177
2021-05-31 04:19:03.105,/master/welcome,174
2021-05-31 04:19:06.659,/master/welcome,175
2021-05-31 04:19:09.605,/master/welcome,203
2021-05-31 04:19:12.72,/master/welcome,181
2021-05-31 04:19:16.187,/master/welcome,178
2021-05-31 04:19:19.205,/master/welcome,209
2021-05-31 04:19:22.384,/master/welcome,191
2021-05-31 04:19:26.013,/master/welcome,192
2021-05-31 04:19:29.088,/master/welcome,189
2021-05-31 04:19:32.456,/master/welcome,206
2021-05-31 04:19:38.814,/master/welcome,275
2021-05-31 04:19:39.048,/master/welcome,207
2021-05-31 04:19:40.781,/master/sign-in,1620
2021-05-31 04:19:42.062,/master/welcome,604
2021-05-31 04:19:49.172,/master/welcome,207
2021-05-31 04:19:49.89,/master/welcome,595
2021-05-31 04:19:50.156,/master/welcome,186
2021-05-31 04:19:50.364,/master/welcome,180
2021-05-31 04:19:51.121,/anonymous/task/list,587
2021-05-31 04:19:51.975,/anonymous/task/show,601
2021-05-31 04:19:52.564,/master/welcome,190
2021-05-31 04:19:52.769,/master/welcome,175
2021-05-31 04:19:53.53,/anonymous/task/list,586
2021-05-31 04:19:54.367,/anonymous/task/show,584
2021-05-31 04:19:54.965,/master/welcome,199
2021-05-31 04:19:55.188,/master/welcome,193
2021-05-31 04:19:55.956,/anonymous/task/list,596
2021-05-31 04:19:56.819,/anonymous/task/show,613
2021-05-31 04:19:57.418,/master/welcome,193
2021-05-31 04:19:57.63,/master/welcome,189
2021-05-31 04:19:58.342,/master/sign-in,598
2021-05-31 04:19:59.628,/master/welcome,601
2021-05-31 04:20:00.113,/master/welcome,194
2021-05-31 04:20:00.813,/master/welcome,594
2021-05-31 04:20:04.468,/master/welcome,231
2021-05-31 04:20:04.689,/master/welcome,188
2021-05-31 04:20:05.414,/master/sign-in,600
2021-05-31 04:20:06.671,/master/welcome,595
2021-05-31 04:20:13.759,/master/welcome,208
2021-05-31 04:20:14.458,/master/welcome,587
2021-05-31 04:20:14.704,/master/welcome,180
2021-05-31 04:20:14.91,/master/welcome,178
2021-05-31 04:20:15.715,/anonymous/task/list,615
2021-05-31 04:20:16.616,/master/welcome,180
2021-05-31 04:20:16.833,/master/welcome,192
2021-05-31 04:20:17.547,/master/sign-in,598
2021-05-31 04:20:18.82,/master/welcome,593
2021-05-31 04:20:19.294,/master/welcome,192
2021-05-31 04:20:19.99,/master/welcome,588
2021-05-31 04:20:23.694,/master/welcome,291
2021-05-31 04:20:23.914,/master/welcome,189
2021-05-31 04:20:24.639,/master/sign-in,597
2021-05-31 04:20:25.91,/master/welcome,594
2021-05-31 04:20:33.023,/master/welcome,237
2021-05-31 04:20:33.745,/master/welcome,612
2021-05-31 04:20:33.99,/master/welcome,187
2021-05-31 04:20:34.71,/anonymous/user-account/create,613
2021-05-31 04:20:36.49,/master/welcome,590
2021-05-31 04:20:36.756,/master/welcome,208
2021-05-31 04:20:37.481,/master/sign-in,614
2021-05-31 04:20:38.742,/master/welcome,612
2021-05-31 04:20:39.562,/authenticated/manager/create,591
2021-05-31 04:20:41.034,/master/welcome,1146
2021-05-31 04:20:41.272,/master/welcome,180
2021-05-31 04:20:41.98,/master/welcome,598
2021-05-31 04:20:42.229,/master/welcome,175
2021-05-31 04:20:42.45,/master/welcome,187
2021-05-31 04:20:43.188,/master/sign-in,631
2021-05-31 04:20:44.469,/master/welcome,611
2021-05-31 04:20:45.302,/authenticated/manager/update,595
2021-05-31 04:20:46.197,/master/welcome,586
2021-05-31 04:20:47.027,/authenticated/manager/update,600
2021-05-31 04:20:47.372,/master/welcome,192
2021-05-31 04:20:48.13,/master/welcome,646
2021-05-31 04:20:48.407,/master/welcome,193
2021-05-31 04:20:48.63,/master/welcome,190
2021-05-31 04:20:49.347,/master/sign-in,593
2021-05-31 04:20:50.621,/master/welcome,600
2021-05-31 04:20:51.433,/authenticated/manager/update,583
2021-05-31 04:20:52.322,/authenticated/manager/update,602
2021-05-31 04:20:53.198,/authenticated/manager/update,582
2021-05-31 04:20:53.449,/master/welcome,192
2021-05-31 04:20:54.175,/master/welcome,614
2021-05-31 04:20:54.438,/master/welcome,192
2021-05-31 04:20:54.645,/master/welcome,173
2021-05-31 04:20:55.375,/master/sign-in,601
2021-05-31 04:20:56.653,/master/welcome,599
2021-05-31 04:20:57.457,/authenticated/manager/update,588
2021-05-31 04:20:58.37,/authenticated/manager/update,586
2021-05-31 04:20:59.279,/authenticated/manager/update,600
2021-05-31 04:20:59.526,/master/welcome,191
2021-05-31 04:21:00.217,/master/welcome,583
2021-05-31 04:21:00.52,/master/welcome,234
2021-05-31 04:21:00.723,/master/welcome,176
2021-05-31 04:21:01.422,/master/sign-in,585
2021-05-31 04:21:02.704,/master/welcome,603
2021-05-31 04:21:03.537,/authenticated/manager/update,584
2021-05-31 04:21:04.42,/authenticated/manager/update,587
2021-05-31 04:21:05.338,/authenticated/manager/update,591
2021-05-31 04:21:05.575,/master/welcome,177
2021-05-31 04:21:06.311,/master/welcome,613
2021-05-31 04:21:06.571,/master/welcome,190
2021-05-31 04:21:06.779,/master/welcome,176
2021-05-31 04:21:07.488,/master/sign-in,597
2021-05-31 04:21:08.765,/master/welcome,581
2021-05-31 04:21:09.582,/authenticated/manager/update,587
2021-05-31 04:21:10.458,/authenticated/manager/update,592
2021-05-31 04:21:11.356,/authenticated/manager/update,614
2021-05-31 04:21:11.589,/master/welcome,180
2021-05-31 04:21:12.312,/master/welcome,615
2021-05-31 04:21:12.559,/master/welcome,178
2021-05-31 04:21:12.771,/master/welcome,170
2021-05-31 04:21:13.518,/master/sign-in,625
2021-05-31 04:21:14.803,/master/welcome,595
2021-05-31 04:21:15.615,/authenticated/manager/update,597
2021-05-31 04:21:16.505,/authenticated/manager/update,615
2021-05-31 04:21:17.4,/authenticated/manager/update,613
2021-05-31 04:21:17.668,/master/welcome,206
2021-05-31 04:21:18.371,/master/welcome,594
2021-05-31 04:21:18.639,/master/welcome,189
2021-05-31 04:21:18.847,/master/welcome,175
2021-05-31 04:21:19.537,/master/sign-in,591
2021-05-31 04:21:20.829,/master/welcome,598
2021-05-31 04:21:21.685,/authenticated/manager/update,604
2021-05-31 04:21:22.771,/authenticated/manager/update,631
2021-05-31 04:21:23.675,/authenticated/manager/update,599
2021-05-31 04:21:23.923,/master/welcome,192
2021-05-31 04:21:24.635,/master/welcome,602
2021-05-31 04:21:28.266,/master/welcome,249
2021-05-31 04:21:28.473,/master/welcome,176
2021-05-31 04:21:29.157,/master/sign-in,581
2021-05-31 04:21:30.439,/master/welcome,586
2021-05-31 04:21:37.544,/master/welcome,223
2021-05-31 04:21:38.299,/master/welcome,600
2021-05-31 04:21:38.568,/master/welcome,191
2021-05-31 04:21:38.878,/master/welcome,283
2021-05-31 04:21:39.619,/anonymous/user-account/create,591
2021-05-31 04:21:42.525,/master/welcome,1714
2021-05-31 04:21:42.757,/master/welcome,175
2021-05-31 04:21:43.474,/master/sign-in,599
2021-05-31 04:21:44.753,/master/welcome,600
2021-05-31 04:21:45.564,/authenticated/manager/create,581
2021-05-31 04:21:47.037,/master/welcome,1146
2021-05-31 04:21:47.865,/authenticated/manager/update,598
2021-05-31 04:21:48.208,/master/welcome,166
2021-05-31 04:21:48.413,/master/welcome,180
2021-05-31 04:21:49.111,/anonymous/user-account/create,586
2021-05-31 04:21:50.905,/master/welcome,605
2021-05-31 04:21:51.159,/master/welcome,193
2021-05-31 04:21:51.859,/master/sign-in,587
2021-05-31 04:21:53.141,/master/welcome,610
2021-05-31 04:21:53.957,/authenticated/manager/create,586
2021-05-31 04:21:54.848,/authenticated/manager/create,614
2021-05-31 04:21:55.115,/master/welcome,186
2021-05-31 04:21:55.335,/master/welcome,190
2021-05-31 04:21:56.037,/master/sign-in,597
2021-05-31 04:21:57.335,/master/welcome,596
2021-05-31 04:21:58.144,/authenticated/manager/create,587
2021-05-31 04:21:59.025,/authenticated/manager/create,597
2021-05-31 04:21:59.293,/master/welcome,192
2021-05-31 04:21:59.5,/master/welcome,177
2021-05-31 04:22:00.228,/master/sign-in,616
2021-05-31 04:22:01.537,/master/welcome,601
2021-05-31 04:22:02.363,/authenticated/manager/create,594
2021-05-31 04:22:03.257,/authenticated/manager/create,579
2021-05-31 04:22:03.514,/master/welcome,178
2021-05-31 04:22:03.717,/master/welcome,175
2021-05-31 04:22:04.427,/master/sign-in,599
2021-05-31 04:22:05.734,/master/welcome,605
2021-05-31 04:22:06.559,/authenticated/manager/create,597
2021-05-31 04:22:07.441,/authenticated/manager/create,598
2021-05-31 04:22:07.706,/master/welcome,187
2021-05-31 04:22:07.928,/master/welcome,193
2021-05-31 04:22:08.637,/master/sign-in,599
2021-05-31 04:22:09.92,/master/welcome,600
2021-05-31 04:22:10.777,/authenticated/manager/create,601
2021-05-31 04:22:11.661,/authenticated/manager/create,601
2021-05-31 04:22:11.926,/master/welcome,190
2021-05-31 04:22:12.164,/master/welcome,209
2021-05-31 04:22:12.858,/master/sign-in,585
2021-05-31 04:22:14.205,/master/welcome,587
2021-05-31 04:22:15.012,/authenticated/manager/create,596
2021-05-31 04:22:15.882,/authenticated/manager/create,586
