timestamp,simple-path,time,,time,,,range,
39:15.4,/master/welcome,2523,,,,,min,max
39:15.6,/master/welcome,158,,Media,387.0928302,,375.8925608,398.2930996
39:16.9,/master/sign-in,1117,,Error típico,5.709304192,,,
39:18.1,/master/welcome,586,,Mediana,521,,Límite:,1000
39:19.7,/master/welcome,174,,Moda,521,,Resultado:,OK
39:20.4,/master/welcome,596,,Desviación estándar,207.8218095,,,
39:20.7,/master/welcome,210,,Varianza de la muestra,43189.90452,,,
39:21.0,/master/welcome,246,,Curtosis,6.655098278,,,
39:21.7,/master/sign-in,595,,Coeficiente de asimetría,0.451911423,,,
39:22.9,/master/welcome,596,,Rango,2421,,,
39:23.5,/administrator/configuration/show,455,,Mínimo,102,,,
39:23.7,/master/welcome,188,,Máximo,2523,,,
39:24.5,/master/welcome,601,,Suma,512898,,,
39:24.8,/master/welcome,247,,Cuenta,1325,,,
39:25.2,/administrator/configuration/show,351,,Nivel de confianza(95.0%),11.20026941,,,
39:28.2,/master/welcome,239,,,,,,
39:28.4,/master/welcome,171,,,,,,
39:29.1,/master/sign-in,590,,,,,,
39:30.3,/master/welcome,581,,,,,,
39:31.9,/master/welcome,186,,,,,,
39:32.6,/master/welcome,594,,,,,,
39:32.9,/master/welcome,159,,,,,,
39:33.0,/master/welcome,141,,,,,,
39:33.7,/master/sign-in,597,,,,,,
39:35.0,/master/welcome,591,,,,,,
39:35.3,/administrator/configuration/show,230,,,,,,
39:36.1,/master/welcome,576,,,,,,
40:06.4,/administrator/configuration/show,236,,,,,,
40:06.7,/master/welcome,160,,,,,,
40:07.4,/master/welcome,593,,,,,,
40:07.6,/master/welcome,175,,,,,,
40:07.8,/master/welcome,160,,,,,,
40:08.5,/master/sign-in,592,,,,,,
40:09.8,/master/welcome,590,,,,,,
40:10.0,/administrator/configuration/show,169,,,,,,
40:10.8,/master/welcome,593,,,,,,
40:41.1,/administrator/configuration/show,194,,,,,,
40:41.4,/master/welcome,156,,,,,,
40:42.1,/master/welcome,591,,,,,,
40:42.3,/master/welcome,161,,,,,,
40:42.5,/master/welcome,143,,,,,,
40:43.2,/master/sign-in,590,,,,,,
40:44.5,/master/welcome,591,,,,,,
40:44.8,/administrator/configuration/show,191,,,,,,
40:45.6,/master/welcome,582,,,,,,
41:15.8,/administrator/configuration/show,189,,,,,,
41:16.1,/master/welcome,140,,,,,,
41:16.8,/master/welcome,594,,,,,,
41:17.0,/master/welcome,143,,,,,,
41:17.2,/master/welcome,142,,,,,,
41:17.9,/master/sign-in,595,,,,,,
41:19.2,/master/welcome,586,,,,,,
41:19.4,/administrator/configuration/show,200,,,,,,
41:20.2,/master/welcome,595,,,,,,
41:50.5,/administrator/configuration/show,206,,,,,,
41:50.8,/master/welcome,139,,,,,,
41:51.5,/master/welcome,595,,,,,,
41:51.7,/master/welcome,142,,,,,,
41:51.9,/master/welcome,125,,,,,,
41:52.6,/master/sign-in,593,,,,,,
41:53.8,/master/welcome,579,,,,,,
41:54.1,/administrator/configuration/show,175,,,,,,
41:54.9,/master/welcome,593,,,,,,
42:25.1,/administrator/configuration/show,191,,,,,,
42:25.4,/master/welcome,139,,,,,,
42:26.1,/master/welcome,594,,,,,,
42:26.3,/master/welcome,141,,,,,,
42:26.5,/master/welcome,141,,,,,,
42:27.2,/master/sign-in,591,,,,,,
42:28.4,/master/welcome,578,,,,,,
42:28.7,/administrator/configuration/show,171,,,,,,
42:29.5,/master/welcome,593,,,,,,
42:59.7,/administrator/configuration/show,191,,,,,,
43:00.0,/master/welcome,141,,,,,,
43:00.7,/master/welcome,594,,,,,,
43:00.9,/master/welcome,139,,,,,,
43:01.1,/master/welcome,143,,,,,,
43:01.8,/master/sign-in,582,,,,,,
43:03.1,/master/welcome,589,,,,,,
43:03.3,/administrator/configuration/show,175,,,,,,
43:04.1,/master/welcome,594,,,,,,
43:34.4,/administrator/configuration/show,187,,,,,,
43:34.7,/master/welcome,155,,,,,,
43:35.4,/master/welcome,590,,,,,,
43:35.6,/master/welcome,126,,,,,,
43:35.7,/master/welcome,142,,,,,,
43:36.4,/master/sign-in,595,,,,,,
43:37.7,/master/welcome,583,,,,,,
43:37.9,/administrator/configuration/show,158,,,,,,
43:38.7,/master/welcome,595,,,,,,
44:09.0,/administrator/configuration/show,190,,,,,,
44:09.3,/master/welcome,142,,,,,,
44:10.0,/master/welcome,595,,,,,,
44:10.2,/master/welcome,143,,,,,,
44:10.4,/master/welcome,141,,,,,,
44:11.1,/master/sign-in,583,,,,,,
44:12.3,/master/welcome,596,,,,,,
44:12.6,/administrator/configuration/show,158,,,,,,
44:13.4,/master/welcome,592,,,,,,
44:43.6,/administrator/configuration/show,190,,,,,,
44:43.9,/master/welcome,140,,,,,,
44:44.6,/master/welcome,596,,,,,,
44:44.8,/master/welcome,140,,,,,,
44:45.0,/master/welcome,140,,,,,,
44:45.7,/master/sign-in,596,,,,,,
44:47.0,/master/welcome,593,,,,,,
44:47.2,/administrator/configuration/show,157,,,,,,
44:48.0,/administrator/configuration/create,581,,,,,,
44:48.2,/master/welcome,154,,,,,,
44:48.9,/master/welcome,594,,,,,,
44:49.1,/master/welcome,141,,,,,,
44:49.3,/master/welcome,141,,,,,,
44:50.0,/master/sign-in,596,,,,,,
44:51.3,/master/welcome,596,,,,,,
44:51.5,/administrator/configuration/show,159,,,,,,
44:52.3,/administrator/configuration/create,598,,,,,,
44:52.6,/master/welcome,155,,,,,,
44:53.3,/master/welcome,593,,,,,,
44:53.5,/master/welcome,141,,,,,,
44:53.7,/master/welcome,139,,,,,,
44:54.3,/master/sign-in,582,,,,,,
44:55.6,/master/welcome,591,,,,,,
44:55.8,/administrator/configuration/show,159,,,,,,
44:56.6,/administrator/configuration/create,595,,,,,,
44:56.9,/master/welcome,142,,,,,,
44:57.5,/master/welcome,584,,,,,,
44:57.7,/master/welcome,127,,,,,,
44:57.9,/master/welcome,136,,,,,,
44:58.6,/master/sign-in,579,,,,,,
44:59.9,/master/welcome,588,,,,,,
45:00.1,/administrator/configuration/show,156,,,,,,
45:00.9,/administrator/configuration/create,607,,,,,,
45:01.1,/master/welcome,142,,,,,,
45:01.8,/master/welcome,581,,,,,,
45:04.5,/master/welcome,213,,,,,,
45:04.6,/master/welcome,140,,,,,,
45:05.3,/master/sign-in,588,,,,,,
45:06.6,/master/welcome,595,,,,,,
45:07.6,/master/welcome,142,,,,,,
45:08.3,/master/welcome,593,,,,,,
45:08.5,/master/welcome,137,,,,,,
45:08.6,/master/welcome,128,,,,,,
45:09.4,/master/sign-in,595,,,,,,
45:10.6,/master/welcome,582,,,,,,
45:11.7,/administrator/dashboard/show,270,,,,,,
45:12.7,/master/welcome,144,,,,,,
45:13.4,/master/welcome,594,,,,,,
45:13.6,/master/welcome,139,,,,,,
45:13.8,/master/welcome,167,,,,,,
45:14.5,/master/sign-in,591,,,,,,
45:15.8,/master/welcome,596,,,,,,
45:16.1,/administrator/dashboard/show,221,,,,,,
45:16.3,/master/welcome,154,,,,,,
45:17.0,/master/welcome,591,,,,,,
45:17.2,/master/welcome,143,,,,,,
45:17.4,/administrator/dashboard/show,136,,,,,,
45:20.2,/master/welcome,167,,,,,,
45:20.4,/master/welcome,141,,,,,,
45:21.1,/master/sign-in,589,,,,,,
45:22.3,/master/welcome,594,,,,,,
45:23.3,/master/welcome,143,,,,,,
45:24.0,/master/welcome,594,,,,,,
45:24.3,/master/welcome,181,,,,,,
45:24.4,/master/welcome,138,,,,,,
45:25.1,/master/sign-in,591,,,,,,
45:26.4,/master/welcome,593,,,,,,
45:27.2,/authenticated/task/list,594,,,,,,
45:28.4,/master/welcome,157,,,,,,
45:29.1,/master/welcome,594,,,,,,
45:29.3,/master/welcome,139,,,,,,
45:29.4,/master/welcome,126,,,,,,
45:30.1,/master/sign-in,572,,,,,,
45:31.4,/master/welcome,595,,,,,,
45:32.2,/authenticated/task/list,585,,,,,,
45:33.3,/master/welcome,140,,,,,,
45:34.0,/master/welcome,583,,,,,,
45:34.2,/master/welcome,138,,,,,,
45:34.3,/master/welcome,142,,,,,,
45:35.0,/master/sign-in,593,,,,,,
45:36.3,/master/welcome,592,,,,,,
45:37.2,/authenticated/task/list,596,,,,,,
45:38.2,/master/welcome,156,,,,,,
45:38.9,/master/welcome,593,,,,,,
45:39.1,/master/welcome,142,,,,,,
45:39.3,/master/welcome,158,,,,,,
45:40.0,/master/sign-in,595,,,,,,
45:41.3,/master/welcome,580,,,,,,
45:42.1,/authenticated/task/list,595,,,,,,
45:43.1,/master/welcome,142,,,,,,
45:43.8,/master/welcome,594,,,,,,
45:44.1,/master/welcome,187,,,,,,
45:44.3,/master/welcome,127,,,,,,
45:45.0,/master/sign-in,584,,,,,,
45:46.3,/master/welcome,590,,,,,,
45:47.1,/authenticated/task/list,592,,,,,,
45:48.1,/master/welcome,142,,,,,,
45:48.8,/master/welcome,593,,,,,,
45:49.0,/master/welcome,141,,,,,,
45:49.2,/master/welcome,127,,,,,,
45:49.9,/master/sign-in,597,,,,,,
45:51.2,/master/welcome,582,,,,,,
45:52.0,/authenticated/task/list,591,,,,,,
45:53.0,/master/welcome,142,,,,,,
45:53.7,/master/welcome,593,,,,,,
45:53.9,/master/welcome,126,,,,,,
45:54.1,/authenticated/task/list,142,,,,,,
45:57.0,/master/welcome,194,,,,,,
45:57.1,/master/welcome,142,,,,,,
45:57.8,/master/sign-in,593,,,,,,
45:59.1,/master/welcome,581,,,,,,
46:00.1,/master/welcome,144,,,,,,
46:00.8,/master/welcome,582,,,,,,
46:01.0,/master/welcome,142,,,,,,
46:01.1,/master/welcome,140,,,,,,
46:01.8,/master/sign-in,582,,,,,,
46:03.1,/master/welcome,593,,,,,,
46:03.9,/authenticated/task/list,601,,,,,,
46:05.7,/authenticated/task/show,593,,,,,,
46:06.2,/master/welcome,173,,,,,,
46:06.9,/master/welcome,595,,,,,,
46:07.1,/master/welcome,142,,,,,,
46:07.3,/master/welcome,149,,,,,,
46:08.0,/master/sign-in,592,,,,,,
46:09.3,/master/welcome,592,,,,,,
46:10.1,/authenticated/task/list,582,,,,,,
46:11.8,/authenticated/task/show,598,,,,,,
46:12.4,/master/welcome,143,,,,,,
46:13.1,/master/welcome,590,,,,,,
46:13.3,/master/welcome,141,,,,,,
46:13.5,/master/welcome,125,,,,,,
46:14.2,/master/sign-in,594,,,,,,
46:15.4,/master/welcome,580,,,,,,
46:16.2,/authenticated/task/list,585,,,,,,
46:18.0,/authenticated/task/show,596,,,,,,
46:18.5,/master/welcome,158,,,,,,
46:19.2,/master/welcome,595,,,,,,
46:19.5,/master/welcome,139,,,,,,
46:19.6,/master/welcome,124,,,,,,
46:20.3,/master/sign-in,592,,,,,,
46:21.6,/master/welcome,592,,,,,,
46:22.4,/authenticated/task/list,593,,,,,,
46:24.1,/authenticated/task/show,581,,,,,,
46:24.6,/master/welcome,180,,,,,,
46:25.3,/master/welcome,594,,,,,,
46:25.6,/master/welcome,139,,,,,,
46:25.7,/master/welcome,136,,,,,,
46:26.4,/master/sign-in,593,,,,,,
46:27.7,/master/welcome,592,,,,,,
46:28.5,/authenticated/task/list,595,,,,,,
46:30.3,/authenticated/task/show,596,,,,,,
46:30.8,/master/welcome,155,,,,,,
46:31.5,/master/welcome,593,,,,,,
46:31.7,/master/welcome,141,,,,,,
46:31.9,/master/welcome,127,,,,,,
46:32.6,/master/sign-in,583,,,,,,
46:33.9,/master/welcome,612,,,,,,
46:34.7,/authenticated/task/list,595,,,,,,
46:36.4,/authenticated/task/show,596,,,,,,
46:36.9,/master/welcome,143,,,,,,
46:37.6,/master/welcome,593,,,,,,
46:37.9,/master/welcome,142,,,,,,
46:38.0,/authenticated/task/list,157,,,,,,
46:40.9,/master/welcome,195,,,,,,
46:41.0,/master/welcome,140,,,,,,
46:41.7,/master/sign-in,592,,,,,,
46:43.0,/master/welcome,595,,,,,,
46:44.0,/master/welcome,157,,,,,,
46:44.7,/master/welcome,593,,,,,,
46:44.9,/master/welcome,140,,,,,,
46:45.1,/master/welcome,126,,,,,,
46:45.8,/master/sign-in,593,,,,,,
46:47.0,/master/welcome,595,,,,,,
46:47.9,/manager/task/list,630,,,,,,
46:48.7,/manager/task/show,592,,,,,,
46:49.4,/manager/task/list,581,,,,,,
46:50.1,/manager/task/list,581,,,,,,
46:50.3,/master/welcome,143,,,,,,
46:51.0,/master/welcome,593,,,,,,
46:51.2,/master/welcome,125,,,,,,
46:51.4,/master/welcome,141,,,,,,
46:52.1,/master/sign-in,597,,,,,,
46:53.4,/master/welcome,612,,,,,,
46:54.2,/manager/task/list,596,,,,,,
46:55.0,/manager/task/show,581,,,,,,
46:55.2,/master/welcome,140,,,,,,
46:55.9,/master/welcome,594,,,,,,
46:56.1,/master/welcome,128,,,,,,
46:56.8,/master/sign-in,582,,,,,,
46:58.0,/master/welcome,593,,,,,,
46:58.3,/manager/task/show,187,,,,,,
46:58.5,/master/welcome,128,,,,,,
46:59.2,/master/welcome,594,,,,,,
47:02.0,/master/welcome,165,,,,,,
47:02.2,/master/welcome,141,,,,,,
47:02.9,/master/sign-in,590,,,,,,
47:04.1,/master/welcome,582,,,,,,
47:05.1,/master/welcome,142,,,,,,
47:05.8,/master/welcome,595,,,,,,
47:06.1,/master/welcome,140,,,,,,
47:06.2,/master/welcome,123,,,,,,
47:06.9,/master/sign-in,581,,,,,,
47:08.1,/master/welcome,595,,,,,,
47:09.0,/manager/task/list,592,,,,,,
47:10.1,/master/welcome,143,,,,,,
47:10.8,/master/welcome,595,,,,,,
47:11.0,/master/welcome,158,,,,,,
47:11.2,/master/welcome,122,,,,,,
47:11.9,/master/sign-in,593,,,,,,
47:13.2,/master/welcome,595,,,,,,
47:14.0,/manager/task/list,596,,,,,,
47:15.1,/master/welcome,140,,,,,,
47:15.8,/master/welcome,593,,,,,,
47:16.0,/master/welcome,140,,,,,,
47:16.2,/master/welcome,125,,,,,,
47:16.9,/master/sign-in,593,,,,,,
47:18.2,/master/welcome,625,,,,,,
47:19.0,/manager/task/list,594,,,,,,
47:20.0,/master/welcome,144,,,,,,
47:20.7,/master/welcome,593,,,,,,
47:21.0,/master/welcome,158,,,,,,
47:21.1,/master/welcome,130,,,,,,
47:21.8,/master/sign-in,595,,,,,,
47:23.1,/master/welcome,596,,,,,,
47:23.9,/manager/task/list,585,,,,,,
47:25.0,/master/welcome,142,,,,,,
47:25.7,/master/welcome,593,,,,,,
47:25.9,/master/welcome,142,,,,,,
47:26.1,/master/welcome,141,,,,,,
47:26.8,/master/sign-in,591,,,,,,
47:28.0,/master/welcome,595,,,,,,
47:28.8,/manager/task/list,581,,,,,,
47:29.9,/master/welcome,126,,,,,,
47:30.6,/master/welcome,593,,,,,,
47:30.8,/master/welcome,156,,,,,,
47:31.0,/master/welcome,142,,,,,,
47:31.7,/master/sign-in,595,,,,,,
47:32.9,/master/welcome,596,,,,,,
47:33.7,/manager/task/list,592,,,,,,
47:34.8,/master/welcome,141,,,,,,
47:35.5,/master/welcome,579,,,,,,
47:35.7,/master/welcome,127,,,,,,
47:35.9,/master/welcome,123,,,,,,
47:36.5,/master/sign-in,583,,,,,,
47:37.8,/master/welcome,595,,,,,,
47:38.6,/manager/task/list,582,,,,,,
47:38.8,/master/welcome,141,,,,,,
47:39.5,/master/welcome,595,,,,,,
47:39.7,/manager/task/list,157,,,,,,
47:42.5,/master/welcome,180,,,,,,
47:42.7,/master/welcome,141,,,,,,
47:43.4,/master/sign-in,589,,,,,,
47:44.7,/master/welcome,591,,,,,,
47:45.7,/master/welcome,142,,,,,,
47:46.4,/master/welcome,592,,,,,,
47:46.6,/master/welcome,155,,,,,,
47:46.8,/master/welcome,129,,,,,,
47:47.5,/master/sign-in,592,,,,,,
47:48.7,/master/welcome,597,,,,,,
47:49.5,/manager/task/create,593,,,,,,
47:51.0,/master/welcome,596,,,,,,
48:21.8,/manager/task/list,595,,,,,,
48:22.6,/manager/task/show,591,,,,,,
48:23.2,/master/welcome,157,,,,,,
48:23.9,/master/welcome,594,,,,,,
48:24.1,/master/welcome,142,,,,,,
48:24.3,/master/welcome,159,,,,,,
48:25.0,/master/sign-in,583,,,,,,
48:26.2,/master/welcome,594,,,,,,
48:27.1,/manager/task/create,590,,,,,,
48:28.4,/master/welcome,593,,,,,,
48:59.2,/manager/task/list,594,,,,,,
49:00.1,/manager/task/show,590,,,,,,
49:00.6,/master/welcome,140,,,,,,
49:01.3,/master/welcome,583,,,,,,
49:01.5,/master/welcome,139,,,,,,
49:01.7,/master/welcome,128,,,,,,
49:02.3,/master/sign-in,586,,,,,,
49:03.6,/master/welcome,592,,,,,,
49:04.4,/manager/task/create,582,,,,,,
49:05.8,/master/welcome,592,,,,,,
49:36.6,/manager/task/list,580,,,,,,
49:37.4,/manager/task/show,580,,,,,,
49:37.9,/master/welcome,142,,,,,,
49:38.6,/master/welcome,582,,,,,,
49:38.8,/master/welcome,141,,,,,,
49:39.0,/master/welcome,143,,,,,,
49:39.7,/master/sign-in,596,,,,,,
49:41.0,/master/welcome,597,,,,,,
49:41.8,/manager/task/create,594,,,,,,
49:43.2,/master/welcome,593,,,,,,
50:14.0,/manager/task/list,582,,,,,,
50:14.8,/manager/task/show,590,,,,,,
50:15.4,/master/welcome,141,,,,,,
50:16.1,/master/welcome,594,,,,,,
50:16.3,/master/welcome,146,,,,,,
50:16.5,/master/welcome,145,,,,,,
50:17.2,/master/sign-in,584,,,,,,
50:18.4,/master/welcome,593,,,,,,
50:19.2,/manager/task/create,594,,,,,,
50:20.6,/master/welcome,597,,,,,,
50:51.2,/manager/task/list,522,,,,,,
50:51.8,/manager/task/show,518,,,,,,
50:52.0,/master/welcome,115,,,,,,
50:52.6,/master/welcome,524,,,,,,
50:52.7,/master/welcome,133,,,,,,
50:52.8,/master/welcome,128,,,,,,
50:53.4,/master/sign-in,523,,,,,,
50:54.2,/master/welcome,523,,,,,,
50:54.8,/manager/task/create,519,,,,,,
50:55.5,/master/welcome,522,,,,,,
51:26.1,/manager/task/list,524,,,,,,
51:26.7,/manager/task/show,523,,,,,,
51:26.9,/master/welcome,130,,,,,,
51:27.5,/master/welcome,524,,,,,,
51:27.6,/master/welcome,130,,,,,,
51:27.8,/master/welcome,130,,,,,,
51:28.4,/master/sign-in,547,,,,,,
51:29.2,/master/welcome,527,,,,,,
51:29.8,/manager/task/create,523,,,,,,
51:30.6,/master/welcome,525,,,,,,
52:01.1,/manager/task/list,520,,,,,,
52:01.7,/manager/task/show,521,,,,,,
52:01.9,/master/welcome,116,,,,,,
52:02.5,/master/welcome,522,,,,,,
52:02.6,/master/welcome,126,,,,,,
52:02.8,/master/welcome,150,,,,,,
52:03.3,/master/sign-in,523,,,,,,
52:04.2,/master/welcome,521,,,,,,
52:04.7,/manager/task/create,519,,,,,,
52:05.5,/master/welcome,523,,,,,,
52:36.0,/manager/task/list,520,,,,,,
52:36.6,/manager/task/show,522,,,,,,
52:36.8,/master/welcome,113,,,,,,
52:37.4,/master/welcome,522,,,,,,
52:37.5,/master/welcome,115,,,,,,
52:37.6,/master/welcome,117,,,,,,
52:38.2,/master/sign-in,522,,,,,,
52:39.0,/master/welcome,522,,,,,,
52:39.6,/manager/task/create,518,,,,,,
52:40.3,/master/welcome,521,,,,,,
53:10.9,/manager/task/list,522,,,,,,
53:11.5,/manager/task/show,519,,,,,,
53:11.7,/master/welcome,114,,,,,,
53:12.2,/master/welcome,521,,,,,,
53:12.4,/master/welcome,132,,,,,,
53:12.5,/master/welcome,118,,,,,,
53:13.1,/master/sign-in,522,,,,,,
53:13.9,/master/welcome,521,,,,,,
53:14.5,/manager/task/create,519,,,,,,
53:15.1,/manager/task/create,522,,,,,,
53:15.2,/master/welcome,114,,,,,,
53:15.8,/master/welcome,523,,,,,,
53:15.9,/master/welcome,122,,,,,,
53:16.1,/master/welcome,110,,,,,,
53:16.6,/master/sign-in,523,,,,,,
53:17.5,/master/welcome,543,,,,,,
53:18.0,/manager/task/create,519,,,,,,
53:18.8,/manager/task/create,542,,,,,,
53:18.9,/master/welcome,114,,,,,,
53:19.4,/master/welcome,520,,,,,,
53:19.6,/master/welcome,112,,,,,,
53:19.7,/master/welcome,107,,,,,,
53:20.2,/master/sign-in,523,,,,,,
53:21.1,/master/welcome,522,,,,,,
53:21.6,/manager/task/create,520,,,,,,
53:22.3,/manager/task/create,523,,,,,,
53:22.5,/master/welcome,115,,,,,,
53:23.0,/master/welcome,522,,,,,,
53:23.2,/master/welcome,113,,,,,,
53:23.3,/master/welcome,115,,,,,,
53:23.8,/master/sign-in,521,,,,,,
53:24.7,/master/welcome,520,,,,,,
53:25.2,/manager/task/create,520,,,,,,
53:25.9,/manager/task/create,522,,,,,,
53:26.1,/master/welcome,119,,,,,,
53:26.6,/master/welcome,531,,,,,,
53:26.8,/master/welcome,112,,,,,,
53:26.9,/master/welcome,107,,,,,,
53:27.4,/master/sign-in,523,,,,,,
53:28.3,/master/welcome,522,,,,,,
53:28.8,/manager/task/create,522,,,,,,
53:29.6,/manager/task/create,520,,,,,,
53:29.8,/master/welcome,110,,,,,,
53:30.3,/master/welcome,521,,,,,,
53:30.4,/master/welcome,112,,,,,,
53:30.6,/master/welcome,115,,,,,,
53:31.1,/master/sign-in,520,,,,,,
53:32.0,/master/welcome,522,,,,,,
53:32.6,/manager/task/create,520,,,,,,
53:33.3,/manager/task/create,522,,,,,,
53:33.4,/master/welcome,111,,,,,,
53:33.9,/master/welcome,519,,,,,,
53:34.1,/master/welcome,129,,,,,,
53:34.2,/master/welcome,111,,,,,,
53:34.8,/master/sign-in,520,,,,,,
53:35.6,/master/welcome,521,,,,,,
53:36.2,/manager/task/create,521,,,,,,
53:36.9,/manager/task/create,522,,,,,,
53:37.0,/master/welcome,115,,,,,,
53:37.6,/master/welcome,523,,,,,,
53:37.7,/master/welcome,113,,,,,,
53:37.8,/master/welcome,120,,,,,,
53:38.4,/master/sign-in,521,,,,,,
53:39.2,/master/welcome,528,,,,,,
53:39.8,/manager/task/create,518,,,,,,
53:40.5,/manager/task/create,523,,,,,,
53:40.7,/master/welcome,127,,,,,,
53:41.2,/master/welcome,519,,,,,,
53:41.4,/master/welcome,117,,,,,,
53:41.5,/master/welcome,121,,,,,,
53:42.0,/master/sign-in,521,,,,,,
53:42.9,/master/welcome,521,,,,,,
53:43.5,/manager/task/create,519,,,,,,
53:44.2,/manager/task/create,521,,,,,,
53:44.3,/master/welcome,114,,,,,,
53:44.9,/master/welcome,539,,,,,,
53:45.0,/master/welcome,117,,,,,,
53:45.1,/master/welcome,105,,,,,,
53:45.7,/master/sign-in,524,,,,,,
53:46.5,/master/welcome,521,,,,,,
53:47.1,/manager/task/create,520,,,,,,
53:47.8,/manager/task/create,519,,,,,,
53:47.9,/master/welcome,143,,,,,,
53:48.5,/master/welcome,522,,,,,,
53:48.6,/master/welcome,110,,,,,,
53:48.7,/master/welcome,110,,,,,,
53:49.3,/master/sign-in,524,,,,,,
53:50.1,/master/welcome,525,,,,,,
53:50.7,/manager/task/create,521,,,,,,
53:51.4,/manager/task/create,522,,,,,,
53:51.5,/master/welcome,115,,,,,,
53:52.1,/master/welcome,520,,,,,,
53:52.2,/master/welcome,109,,,,,,
53:52.3,/master/welcome,116,,,,,,
53:52.9,/master/sign-in,524,,,,,,
53:53.7,/master/welcome,521,,,,,,
53:54.3,/manager/task/create,519,,,,,,
53:55.0,/manager/task/create,521,,,,,,
53:55.1,/master/welcome,116,,,,,,
53:55.7,/master/welcome,519,,,,,,
53:55.8,/master/welcome,110,,,,,,
53:56.0,/master/welcome,147,,,,,,
53:56.5,/master/sign-in,523,,,,,,
53:57.4,/master/welcome,527,,,,,,
53:57.9,/manager/task/create,518,,,,,,
53:58.7,/manager/task/create,523,,,,,,
53:58.8,/master/welcome,119,,,,,,
53:59.3,/master/welcome,525,,,,,,
53:59.5,/master/welcome,117,,,,,,
53:59.6,/master/welcome,109,,,,,,
54:00.1,/master/sign-in,520,,,,,,
54:01.0,/master/welcome,527,,,,,,
54:01.6,/manager/task/create,523,,,,,,
54:02.3,/manager/task/create,522,,,,,,
54:02.4,/master/welcome,115,,,,,,
54:03.0,/master/welcome,522,,,,,,
54:03.1,/master/welcome,114,,,,,,
54:03.2,/master/welcome,111,,,,,,
54:03.8,/master/sign-in,521,,,,,,
54:04.6,/master/welcome,521,,,,,,
54:05.2,/manager/task/create,517,,,,,,
54:05.9,/manager/task/create,524,,,,,,
54:06.0,/master/welcome,114,,,,,,
54:06.6,/master/welcome,521,,,,,,
54:06.7,/master/welcome,127,,,,,,
54:06.8,/master/welcome,109,,,,,,
54:07.4,/master/sign-in,522,,,,,,
54:08.2,/master/welcome,521,,,,,,
54:08.8,/manager/task/create,521,,,,,,
54:09.5,/manager/task/create,520,,,,,,
54:09.6,/master/welcome,120,,,,,,
54:10.2,/master/welcome,523,,,,,,
54:10.3,/master/welcome,113,,,,,,
54:10.4,/master/welcome,117,,,,,,
54:11.0,/master/sign-in,521,,,,,,
54:11.8,/master/welcome,523,,,,,,
54:12.4,/manager/task/create,516,,,,,,
54:13.1,/manager/task/create,524,,,,,,
54:13.4,/master/welcome,248,,,,,,
54:13.9,/master/welcome,521,,,,,,
54:14.1,/master/welcome,126,,,,,,
54:14.3,/master/welcome,155,,,,,,
54:14.8,/master/sign-in,523,,,,,,
54:15.6,/master/welcome,519,,,,,,
54:16.2,/manager/task/create,520,,,,,,
54:16.9,/manager/task/create,521,,,,,,
54:17.0,/master/welcome,115,,,,,,
54:17.6,/master/welcome,521,,,,,,
54:17.7,/master/welcome,133,,,,,,
54:17.9,/master/welcome,141,,,,,,
54:18.5,/master/sign-in,571,,,,,,
54:19.4,/master/welcome,554,,,,,,
54:19.9,/manager/task/create,521,,,,,,
54:20.7,/manager/task/create,521,,,,,,
54:20.8,/master/welcome,123,,,,,,
54:21.4,/master/welcome,520,,,,,,
54:21.5,/master/welcome,114,,,,,,
54:21.6,/master/welcome,122,,,,,,
54:22.2,/master/sign-in,520,,,,,,
54:23.0,/master/welcome,523,,,,,,
54:23.6,/manager/task/create,519,,,,,,
54:24.3,/manager/task/create,522,,,,,,
54:24.4,/master/welcome,113,,,,,,
54:24.9,/master/welcome,521,,,,,,
54:27.5,/master/welcome,155,,,,,,
54:27.6,/master/welcome,117,,,,,,
54:28.2,/master/sign-in,521,,,,,,
54:29.0,/master/welcome,523,,,,,,
54:29.7,/master/welcome,120,,,,,,
54:30.3,/master/welcome,523,,,,,,
54:30.4,/master/welcome,119,,,,,,
54:30.5,/master/welcome,110,,,,,,
54:31.1,/master/sign-in,521,,,,,,
54:31.9,/master/welcome,534,,,,,,
54:32.5,/manager/task/list,530,,,,,,
54:33.1,/manager/task/show,521,,,,,,
54:33.8,/manager/task/list,518,,,,,,
55:04.4,/manager/task/list,521,,,,,,
55:05.0,/manager/task/show,524,,,,,,
55:05.3,/master/welcome,146,,,,,,
55:05.8,/master/welcome,528,,,,,,
55:06.0,/master/welcome,159,,,,,,
55:06.1,/master/welcome,126,,,,,,
55:06.7,/master/sign-in,525,,,,,,
55:07.5,/master/welcome,522,,,,,,
55:08.1,/manager/task/list,521,,,,,,
55:08.7,/manager/task/show,523,,,,,,
55:09.4,/manager/task/list,524,,,,,,
55:40.0,/manager/task/list,525,,,,,,
55:40.6,/manager/task/show,522,,,,,,
55:40.9,/master/welcome,138,,,,,,
55:41.4,/master/welcome,525,,,,,,
55:41.6,/master/welcome,131,,,,,,
55:41.7,/master/welcome,145,,,,,,
55:42.3,/master/sign-in,526,,,,,,
55:43.1,/master/welcome,526,,,,,,
55:43.7,/manager/task/list,523,,,,,,
55:44.3,/manager/task/show,523,,,,,,
55:45.1,/manager/task/list,524,,,,,,
56:15.6,/manager/task/list,522,,,,,,
56:16.2,/manager/task/show,525,,,,,,
56:16.5,/master/welcome,135,,,,,,
56:17.0,/master/welcome,525,,,,,,
56:17.2,/master/welcome,125,,,,,,
56:17.3,/master/welcome,137,,,,,,
56:17.9,/master/sign-in,522,,,,,,
56:18.7,/master/welcome,524,,,,,,
56:19.3,/manager/task/list,522,,,,,,
56:19.9,/manager/task/show,523,,,,,,
56:20.7,/manager/task/list,526,,,,,,
56:51.3,/manager/task/list,522,,,,,,
56:51.9,/manager/task/show,524,,,,,,
56:52.1,/master/welcome,131,,,,,,
56:52.7,/master/welcome,523,,,,,,
56:52.8,/master/welcome,121,,,,,,
56:53.0,/master/welcome,128,,,,,,
56:53.5,/master/sign-in,520,,,,,,
56:54.4,/master/welcome,522,,,,,,
56:55.0,/manager/task/list,521,,,,,,
56:55.5,/manager/task/show,519,,,,,,
56:56.3,/manager/task/list,524,,,,,,
57:26.9,/manager/task/list,521,,,,,,
57:27.5,/manager/task/show,524,,,,,,
57:27.7,/master/welcome,119,,,,,,
57:28.3,/master/welcome,523,,,,,,
57:28.4,/master/welcome,125,,,,,,
57:28.5,/master/welcome,126,,,,,,
57:29.1,/master/sign-in,522,,,,,,
57:29.9,/master/welcome,522,,,,,,
57:30.5,/manager/task/list,528,,,,,,
57:31.1,/manager/task/show,522,,,,,,
57:31.9,/manager/task/list,526,,,,,,
58:02.4,/manager/task/list,520,,,,,,
58:03.0,/manager/task/show,521,,,,,,
58:03.3,/master/welcome,123,,,,,,
58:03.8,/master/welcome,524,,,,,,
58:04.0,/master/welcome,150,,,,,,
58:04.1,/master/welcome,120,,,,,,
58:04.7,/master/sign-in,525,,,,,,
58:05.5,/master/welcome,530,,,,,,
58:06.1,/manager/task/list,521,,,,,,
58:06.7,/manager/task/show,519,,,,,,
58:07.4,/manager/task/list,523,,,,,,
58:38.0,/manager/task/list,523,,,,,,
58:38.6,/manager/task/show,522,,,,,,
58:38.8,/master/welcome,123,,,,,,
58:39.4,/master/welcome,522,,,,,,
58:39.5,/master/welcome,127,,,,,,
58:39.7,/master/welcome,183,,,,,,
58:40.2,/master/sign-in,523,,,,,,
58:41.1,/master/welcome,523,,,,,,
58:41.7,/manager/task/list,519,,,,,,
58:42.2,/manager/task/show,518,,,,,,
58:43.0,/manager/task/list,522,,,,,,
59:13.5,/manager/task/list,521,,,,,,
59:14.1,/manager/task/show,520,,,,,,
59:14.4,/master/welcome,148,,,,,,
59:14.9,/master/welcome,521,,,,,,
59:15.1,/master/welcome,126,,,,,,
59:15.2,/master/welcome,120,,,,,,
59:15.8,/master/sign-in,522,,,,,,
59:16.6,/master/welcome,530,,,,,,
59:17.2,/manager/task/list,523,,,,,,
59:17.8,/manager/task/show,521,,,,,,
59:18.6,/manager/task/list,524,,,,,,
59:49.1,/manager/task/list,522,,,,,,
59:49.7,/manager/task/show,522,,,,,,
59:49.9,/master/welcome,122,,,,,,
59:50.5,/master/welcome,521,,,,,,
59:50.6,/master/welcome,124,,,,,,
59:50.8,/master/welcome,120,,,,,,
59:51.3,/master/sign-in,521,,,,,,
59:52.2,/master/welcome,524,,,,,,
59:52.8,/manager/task/list,522,,,,,,
59:53.3,/manager/task/show,524,,,,,,
59:54.0,/manager/task/update,521,,,,,,
59:54.2,/master/welcome,126,,,,,,
59:54.7,/master/welcome,521,,,,,,
59:54.9,/master/welcome,134,,,,,,
59:55.0,/master/welcome,122,,,,,,
59:55.6,/master/sign-in,518,,,,,,
59:56.4,/master/welcome,524,,,,,,
59:57.0,/manager/task/list,539,,,,,,
59:57.7,/manager/task/show,524,,,,,,
59:58.4,/manager/task/update,522,,,,,,
59:58.6,/master/welcome,122,,,,,,
59:59.1,/master/welcome,525,,,,,,
59:59.3,/master/welcome,120,,,,,,
59:59.5,/master/welcome,187,,,,,,
00:00.0,/master/sign-in,524,,,,,,
00:00.8,/master/welcome,523,,,,,,
00:01.4,/manager/task/list,531,,,,,,
00:02.0,/manager/task/show,520,,,,,,
00:02.8,/manager/task/update,522,,,,,,
00:02.9,/master/welcome,157,,,,,,
00:03.5,/master/welcome,525,,,,,,
00:03.6,/master/welcome,119,,,,,,
00:03.8,/master/welcome,119,,,,,,
00:04.3,/master/sign-in,524,,,,,,
00:05.2,/master/welcome,537,,,,,,
00:05.8,/manager/task/list,523,,,,,,
00:06.4,/manager/task/show,546,,,,,,
00:07.2,/manager/task/update,521,,,,,,
00:07.3,/master/welcome,120,,,,,,
00:07.8,/master/welcome,525,,,,,,
00:08.0,/master/welcome,122,,,,,,
00:08.1,/master/welcome,117,,,,,,
00:08.7,/master/sign-in,520,,,,,,
00:09.5,/master/welcome,521,,,,,,
00:10.1,/manager/task/list,520,,,,,,
00:10.7,/manager/task/show,523,,,,,,
00:11.5,/manager/task/update,534,,,,,,
00:11.6,/master/welcome,121,,,,,,
00:12.2,/master/welcome,524,,,,,,
00:12.3,/master/welcome,123,,,,,,
00:12.5,/master/welcome,121,,,,,,
00:13.0,/master/sign-in,521,,,,,,
00:13.9,/master/welcome,527,,,,,,
00:14.5,/manager/task/list,550,,,,,,
00:15.1,/manager/task/show,523,,,,,,
00:15.9,/manager/task/update,537,,,,,,
00:16.1,/master/welcome,202,,,,,,
00:16.7,/master/welcome,522,,,,,,
00:16.8,/master/welcome,147,,,,,,
00:17.0,/master/welcome,118,,,,,,
00:17.5,/master/sign-in,520,,,,,,
00:18.4,/master/welcome,525,,,,,,
00:18.9,/manager/task/list,519,,,,,,
00:19.5,/manager/task/show,520,,,,,,
00:20.3,/manager/task/update,525,,,,,,
00:20.4,/master/welcome,138,,,,,,
00:21.0,/master/welcome,521,,,,,,
00:21.1,/master/welcome,136,,,,,,
00:21.3,/master/welcome,122,,,,,,
00:21.8,/master/sign-in,544,,,,,,
00:22.7,/master/welcome,521,,,,,,
00:23.3,/manager/task/list,521,,,,,,
00:23.8,/manager/task/show,520,,,,,,
00:24.6,/manager/task/update,521,,,,,,
00:24.7,/master/welcome,130,,,,,,
00:25.3,/master/welcome,522,,,,,,
00:25.4,/master/welcome,131,,,,,,
00:25.6,/master/welcome,116,,,,,,
00:26.2,/master/sign-in,595,,,,,,
00:27.1,/master/welcome,530,,,,,,
00:27.7,/manager/task/list,521,,,,,,
00:28.3,/manager/task/show,521,,,,,,
00:29.0,/manager/task/update,521,,,,,,
00:29.2,/master/welcome,187,,,,,,
00:29.8,/master/welcome,522,,,,,,
00:29.9,/master/welcome,135,,,,,,
00:30.1,/master/welcome,137,,,,,,
00:30.6,/master/sign-in,523,,,,,,
00:31.5,/master/welcome,521,,,,,,
00:32.1,/manager/task/list,523,,,,,,
00:32.7,/manager/task/show,530,,,,,,
00:33.5,/manager/task/update,523,,,,,,
00:33.6,/master/welcome,138,,,,,,
00:34.2,/master/welcome,523,,,,,,
00:34.4,/master/welcome,161,,,,,,
00:34.5,/master/welcome,121,,,,,,
00:35.1,/master/sign-in,545,,,,,,
00:36.0,/master/welcome,523,,,,,,
00:36.6,/manager/task/list,531,,,,,,
00:37.1,/manager/task/show,524,,,,,,
00:37.9,/manager/task/update,529,,,,,,
00:38.1,/master/welcome,155,,,,,,
00:38.6,/master/welcome,532,,,,,,
00:38.8,/master/welcome,155,,,,,,
00:39.1,/master/welcome,254,,,,,,
00:39.6,/master/sign-in,524,,,,,,
00:40.5,/master/welcome,524,,,,,,
00:41.1,/manager/task/list,520,,,,,,
00:41.6,/manager/task/show,522,,,,,,
00:42.4,/manager/task/update,524,,,,,,
00:42.6,/master/welcome,164,,,,,,
00:43.1,/master/welcome,524,,,,,,
00:43.3,/master/welcome,171,,,,,,
00:43.6,/master/welcome,250,,,,,,
00:44.2,/master/sign-in,570,,,,,,
00:45.2,/master/welcome,528,,,,,,
00:45.8,/manager/task/list,532,,,,,,
00:46.4,/manager/task/show,527,,,,,,
00:47.2,/manager/task/update,534,,,,,,
00:47.3,/master/welcome,164,,,,,,
00:47.9,/master/welcome,561,,,,,,
00:48.2,/master/welcome,224,,,,,,
00:48.4,/master/welcome,214,,,,,,
00:49.0,/master/sign-in,530,,,,,,
00:49.9,/master/welcome,525,,,,,,
00:50.5,/manager/task/list,533,,,,,,
00:51.1,/manager/task/show,524,,,,,,
00:51.8,/manager/task/update,526,,,,,,
00:52.0,/master/welcome,142,,,,,,
00:52.6,/master/welcome,523,,,,,,
00:52.7,/master/welcome,124,,,,,,
00:52.8,/master/welcome,124,,,,,,
00:53.4,/master/sign-in,527,,,,,,
00:54.2,/master/welcome,529,,,,,,
00:54.8,/manager/task/list,522,,,,,,
00:55.4,/manager/task/show,520,,,,,,
00:56.1,/manager/task/update,526,,,,,,
00:56.3,/master/welcome,154,,,,,,
00:56.9,/master/welcome,520,,,,,,
00:57.0,/master/welcome,132,,,,,,
00:57.2,/master/welcome,125,,,,,,
00:57.7,/master/sign-in,522,,,,,,
00:58.6,/master/welcome,521,,,,,,
00:59.1,/manager/task/list,518,,,,,,
00:59.7,/manager/task/show,520,,,,,,
01:00.4,/manager/task/update,525,,,,,,
01:00.6,/master/welcome,124,,,,,,
01:01.2,/master/welcome,548,,,,,,
01:01.3,/master/welcome,127,,,,,,
01:01.4,/master/welcome,122,,,,,,
01:02.0,/master/sign-in,525,,,,,,
01:02.9,/master/welcome,522,,,,,,
01:03.5,/manager/task/list,525,,,,,,
01:04.1,/manager/task/show,534,,,,,,
01:04.9,/manager/task/update,534,,,,,,
01:05.1,/master/welcome,140,,,,,,
01:05.7,/master/welcome,528,,,,,,
01:05.8,/master/welcome,143,,,,,,
01:06.0,/master/welcome,142,,,,,,
01:06.6,/master/sign-in,524,,,,,,
01:07.4,/master/welcome,538,,,,,,
01:08.0,/manager/task/list,524,,,,,,
01:08.6,/manager/task/show,521,,,,,,
01:09.3,/manager/task/update,524,,,,,,
01:09.5,/master/welcome,158,,,,,,
01:10.1,/master/welcome,522,,,,,,
01:10.3,/master/welcome,155,,,,,,
01:10.4,/master/welcome,137,,,,,,
01:11.0,/master/sign-in,529,,,,,,
01:11.9,/master/welcome,523,,,,,,
01:12.4,/manager/task/list,523,,,,,,
01:13.0,/manager/task/show,523,,,,,,
01:13.8,/manager/task/update,527,,,,,,
01:13.9,/master/welcome,150,,,,,,
01:14.5,/master/welcome,525,,,,,,
01:14.7,/master/welcome,135,,,,,,
01:14.8,/master/welcome,135,,,,,,
01:15.3,/master/sign-in,524,,,,,,
01:16.2,/master/welcome,523,,,,,,
01:16.8,/manager/task/list,519,,,,,,
01:17.4,/manager/task/show,523,,,,,,
01:18.1,/manager/task/update,524,,,,,,
01:18.2,/master/welcome,136,,,,,,
01:18.8,/master/welcome,521,,,,,,
01:21.5,/master/welcome,230,,,,,,
01:21.6,/master/welcome,157,,,,,,
01:22.2,/master/sign-in,525,,,,,,
01:23.1,/master/welcome,522,,,,,,
01:23.8,/master/welcome,155,,,,,,
01:24.4,/master/welcome,522,,,,,,
01:24.6,/master/welcome,182,,,,,,
01:24.7,/master/welcome,141,,,,,,
01:25.3,/master/sign-in,522,,,,,,
01:26.1,/master/welcome,521,,,,,,
01:26.7,/manager/task/list,520,,,,,,
01:27.3,/manager/task/show,519,,,,,,
01:27.5,/master/welcome,138,,,,,,
01:28.1,/master/welcome,521,,,,,,
01:28.2,/master/welcome,135,,,,,,
01:28.4,/master/welcome,135,,,,,,
01:28.9,/master/sign-in,537,,,,,,
01:29.8,/master/welcome,534,,,,,,
01:30.4,/manager/task/list,526,,,,,,
01:30.9,/manager/task/show,521,,,,,,
01:31.2,/master/welcome,125,,,,,,
01:31.7,/master/welcome,525,,,,,,
01:31.9,/master/welcome,125,,,,,,
01:32.0,/master/welcome,135,,,,,,
01:32.6,/master/sign-in,521,,,,,,
01:33.5,/master/welcome,524,,,,,,
01:34.0,/manager/task/list,523,,,,,,
01:34.6,/manager/task/show,519,,,,,,
01:34.9,/master/welcome,142,,,,,,
01:35.4,/master/welcome,523,,,,,,
01:35.6,/master/welcome,125,,,,,,
01:35.7,/master/welcome,124,,,,,,
01:36.3,/master/sign-in,521,,,,,,
01:37.1,/master/welcome,524,,,,,,
01:37.7,/manager/task/list,520,,,,,,
01:38.3,/manager/task/show,520,,,,,,
01:38.6,/master/welcome,158,,,,,,
01:39.1,/master/welcome,524,,,,,,
01:39.3,/master/welcome,139,,,,,,
01:39.4,/master/welcome,129,,,,,,
01:40.0,/master/sign-in,523,,,,,,
01:40.8,/master/welcome,526,,,,,,
01:41.4,/manager/task/list,519,,,,,,
01:42.0,/manager/task/show,526,,,,,,
01:42.3,/master/welcome,134,,,,,,
01:42.8,/master/welcome,518,,,,,,
01:43.0,/master/welcome,127,,,,,,
01:43.1,/master/welcome,124,,,,,,
01:43.7,/master/sign-in,528,,,,,,
01:44.5,/master/welcome,521,,,,,,
01:45.1,/manager/task/list,521,,,,,,
01:45.7,/manager/task/show,521,,,,,,
01:45.9,/master/welcome,127,,,,,,
01:46.5,/master/welcome,538,,,,,,
01:46.7,/master/welcome,182,,,,,,
01:46.8,/master/welcome,125,,,,,,
01:47.4,/master/sign-in,523,,,,,,
01:48.2,/master/welcome,546,,,,,,
01:48.8,/manager/task/list,519,,,,,,
01:49.4,/manager/task/show,521,,,,,,
01:49.5,/master/welcome,127,,,,,,
01:50.1,/master/welcome,523,,,,,,
01:50.2,/manager/task/show,143,,,,,,
01:52.9,/master/welcome,177,,,,,,
01:53.1,/master/welcome,125,,,,,,
01:53.6,/master/sign-in,527,,,,,,
01:54.5,/master/welcome,527,,,,,,
01:55.2,/master/welcome,129,,,,,,
01:55.7,/master/welcome,521,,,,,,
01:55.9,/master/welcome,162,,,,,,
01:56.5,/anonymous/shout/list,533,,,,,,
01:56.9,/master/welcome,141,,,,,,
01:57.5,/anonymous/shout/list,522,,,,,,
01:57.8,/master/welcome,121,,,,,,
01:58.4,/anonymous/shout/list,518,,,,,,
01:58.7,/master/welcome,124,,,,,,
01:59.3,/anonymous/shout/list,520,,,,,,
01:59.7,/master/welcome,123,,,,,,
02:00.3,/anonymous/shout/list,518,,,,,,
02:00.7,/master/welcome,138,,,,,,
02:01.3,/anonymous/shout/list,519,,,,,,
02:01.7,/master/welcome,135,,,,,,
02:02.3,/anonymous/shout/list,519,,,,,,
02:02.6,/master/welcome,118,,,,,,
02:03.2,/anonymous/shout/list,518,,,,,,
02:03.6,/master/welcome,125,,,,,,
02:04.1,/anonymous/shout/list,517,,,,,,
02:04.5,/master/welcome,129,,,,,,
02:05.1,/anonymous/shout/list,529,,,,,,
02:05.5,/master/welcome,121,,,,,,
02:05.6,/master/welcome,119,,,,,,
02:06.2,/master/sign-in,521,,,,,,
02:07.0,/master/welcome,524,,,,,,
02:07.2,/anonymous/shout/list,150,,,,,,
02:07.3,/master/welcome,134,,,,,,
02:07.9,/master/welcome,521,,,,,,
02:10.7,/master/welcome,261,,,,,,
02:10.9,/master/welcome,219,,,,,,
02:11.5,/master/sign-in,536,,,,,,
02:12.4,/master/welcome,540,,,,,,
02:13.1,/master/welcome,131,,,,,,
02:13.7,/master/welcome,527,,,,,,
02:13.8,/master/welcome,138,,,,,,
02:14.4,/anonymous/shout/create,527,,,,,,
02:15.1,/master/welcome,529,,,,,,
02:45.7,/anonymous/shout/list,522,,,,,,
02:46.0,/master/welcome,129,,,,,,
02:46.6,/anonymous/shout/create,518,,,,,,
02:47.2,/master/welcome,526,,,,,,
03:17.8,/anonymous/shout/list,523,,,,,,
03:18.6,/master/welcome,130,,,,,,
03:19.1,/anonymous/shout/create,518,,,,,,
03:19.8,/master/welcome,522,,,,,,
03:50.4,/anonymous/shout/list,521,,,,,,
03:51.1,/master/welcome,120,,,,,,
03:51.7,/anonymous/shout/create,521,,,,,,
03:52.3,/master/welcome,524,,,,,,
04:22.9,/anonymous/shout/list,522,,,,,,
04:24.1,/master/welcome,123,,,,,,
04:24.7,/anonymous/shout/create,520,,,,,,
04:25.3,/master/welcome,524,,,,,,
04:55.9,/anonymous/shout/list,521,,,,,,
04:57.1,/master/welcome,157,,,,,,
04:57.7,/anonymous/shout/create,520,,,,,,
04:58.3,/master/welcome,523,,,,,,
05:28.9,/anonymous/shout/list,523,,,,,,
05:30.1,/master/welcome,131,,,,,,
05:30.7,/anonymous/shout/create,520,,,,,,
05:31.3,/master/welcome,528,,,,,,
06:01.9,/anonymous/shout/list,520,,,,,,
06:02.7,/master/welcome,126,,,,,,
06:03.2,/anonymous/shout/create,520,,,,,,
06:03.9,/master/welcome,522,,,,,,
06:34.4,/anonymous/shout/list,522,,,,,,
06:35.6,/master/welcome,131,,,,,,
06:36.2,/anonymous/shout/create,522,,,,,,
06:36.8,/master/welcome,519,,,,,,
07:07.4,/anonymous/shout/list,519,,,,,,
07:08.6,/master/welcome,133,,,,,,
07:09.1,/anonymous/shout/create,521,,,,,,
07:09.8,/master/welcome,522,,,,,,
07:40.4,/anonymous/shout/list,517,,,,,,
07:41.5,/master/welcome,113,,,,,,
07:42.1,/anonymous/shout/create,519,,,,,,
07:42.7,/anonymous/shout/create,537,,,,,,
07:42.8,/master/welcome,112,,,,,,
07:43.4,/anonymous/shout/create,518,,,,,,
07:44.0,/anonymous/shout/create,520,,,,,,
07:44.2,/master/welcome,113,,,,,,
07:44.7,/anonymous/shout/create,520,,,,,,
07:45.4,/anonymous/shout/create,520,,,,,,
07:45.5,/master/welcome,109,,,,,,
07:46.1,/anonymous/shout/create,519,,,,,,
07:46.7,/anonymous/shout/create,528,,,,,,
07:46.8,/master/welcome,111,,,,,,
07:47.4,/anonymous/shout/create,518,,,,,,
07:48.0,/anonymous/shout/create,523,,,,,,
07:48.1,/master/welcome,112,,,,,,
07:48.7,/anonymous/shout/create,519,,,,,,
07:49.3,/anonymous/shout/create,522,,,,,,
07:49.5,/master/welcome,113,,,,,,
07:50.0,/anonymous/shout/create,518,,,,,,
07:50.6,/anonymous/shout/create,521,,,,,,
07:50.8,/master/welcome,116,,,,,,
07:51.3,/anonymous/shout/create,519,,,,,,
07:52.0,/anonymous/shout/create,519,,,,,,
07:52.1,/master/welcome,106,,,,,,
07:52.7,/anonymous/shout/create,518,,,,,,
07:53.3,/anonymous/shout/create,521,,,,,,
07:53.5,/master/welcome,114,,,,,,
07:54.0,/anonymous/shout/create,518,,,,,,
07:54.7,/anonymous/shout/create,534,,,,,,
07:54.8,/master/welcome,109,,,,,,
07:55.3,/anonymous/shout/create,520,,,,,,
07:56.0,/anonymous/shout/create,522,,,,,,
07:56.1,/master/welcome,110,,,,,,
07:56.7,/anonymous/shout/create,545,,,,,,
07:57.4,/anonymous/shout/create,529,,,,,,
07:57.5,/master/welcome,113,,,,,,
07:58.1,/anonymous/shout/create,520,,,,,,
07:58.7,/anonymous/shout/create,522,,,,,,
08:01.2,/master/welcome,164,,,,,,
08:01.3,/master/welcome,114,,,,,,
08:01.9,/master/sign-in,518,,,,,,
08:02.7,/master/welcome,543,,,,,,
08:03.4,/master/welcome,144,,,,,,
08:04.0,/master/welcome,519,,,,,,
08:04.1,/master/welcome,112,,,,,,
08:04.2,/master/welcome,102,,,,,,
08:04.8,/anonymous/task/list,519,,,,,,
08:05.1,/master/welcome,120,,,,,,
08:05.3,/master/welcome,107,,,,,,
08:05.8,/anonymous/task/list,519,,,,,,
08:06.1,/master/welcome,110,,,,,,
08:06.3,/master/welcome,112,,,,,,
08:06.8,/anonymous/task/list,519,,,,,,
08:07.2,/master/welcome,111,,,,,,
08:07.3,/master/welcome,102,,,,,,
08:07.8,/master/sign-in,519,,,,,,
08:08.6,/master/welcome,522,,,,,,
08:08.9,/master/welcome,122,,,,,,
08:09.5,/master/welcome,524,,,,,,
08:12.1,/master/welcome,152,,,,,,
08:12.2,/master/welcome,109,,,,,,
08:12.8,/master/sign-in,520,,,,,,
08:13.6,/master/welcome,521,,,,,,
08:14.3,/master/welcome,121,,,,,,
08:14.9,/master/welcome,520,,,,,,
08:15.0,/master/welcome,111,,,,,,
08:15.1,/master/welcome,115,,,,,,
08:15.7,/anonymous/task/list,527,,,,,,
08:16.6,/anonymous/task/show,520,,,,,,
08:16.8,/master/welcome,126,,,,,,
08:16.9,/master/welcome,121,,,,,,
08:17.5,/anonymous/task/list,523,,,,,,
08:18.3,/anonymous/task/show,522,,,,,,
08:18.5,/master/welcome,115,,,,,,
08:18.6,/master/welcome,114,,,,,,
08:19.3,/anonymous/task/list,566,,,,,,
08:20.1,/anonymous/task/show,522,,,,,,
08:20.4,/master/welcome,133,,,,,,
08:20.5,/master/welcome,146,,,,,,
08:21.1,/master/sign-in,536,,,,,,
08:21.9,/master/welcome,523,,,,,,
08:22.3,/master/welcome,137,,,,,,
08:22.8,/master/welcome,524,,,,,,
08:25.6,/master/welcome,201,,,,,,
08:25.7,/master/welcome,121,,,,,,
08:26.2,/master/sign-in,523,,,,,,
08:27.1,/master/welcome,526,,,,,,
08:27.9,/master/welcome,142,,,,,,
08:28.4,/master/welcome,522,,,,,,
08:28.6,/master/welcome,136,,,,,,
08:28.7,/master/welcome,162,,,,,,
08:29.3,/master/sign-in,525,,,,,,
08:30.1,/master/welcome,521,,,,,,
08:30.7,/authenticated/manager/update,520,,,,,,
08:31.3,/master/welcome,524,,,,,,
08:31.9,/authenticated/manager/update,520,,,,,,
08:32.0,/master/welcome,135,,,,,,
08:32.6,/master/welcome,523,,,,,,
08:32.8,/master/welcome,122,,,,,,
08:32.9,/master/welcome,120,,,,,,
08:33.5,/master/sign-in,522,,,,,,
08:34.3,/master/welcome,521,,,,,,
08:34.9,/authenticated/manager/update,526,,,,,,
08:35.5,/master/welcome,522,,,,,,
08:36.1,/authenticated/manager/update,524,,,,,,
08:36.3,/master/welcome,132,,,,,,
08:36.8,/master/welcome,525,,,,,,
08:37.0,/master/welcome,138,,,,,,
08:37.1,/master/welcome,135,,,,,,
08:37.7,/master/sign-in,522,,,,,,
08:38.5,/master/welcome,522,,,,,,
08:39.1,/authenticated/manager/update,521,,,,,,
08:39.8,/master/welcome,522,,,,,,
08:40.3,/authenticated/manager/update,519,,,,,,
08:40.5,/master/welcome,121,,,,,,
08:41.1,/master/welcome,538,,,,,,
08:41.2,/master/welcome,113,,,,,,
08:41.3,/master/welcome,115,,,,,,
08:41.9,/master/sign-in,523,,,,,,
08:42.7,/master/welcome,523,,,,,,
08:43.3,/authenticated/manager/update,519,,,,,,
08:44.0,/master/welcome,523,,,,,,
08:44.6,/authenticated/manager/update,519,,,,,,
08:44.7,/master/welcome,127,,,,,,
08:45.3,/master/welcome,525,,,,,,
08:45.4,/master/welcome,121,,,,,,
08:45.5,/master/welcome,115,,,,,,
08:46.1,/master/sign-in,523,,,,,,
08:46.9,/master/welcome,522,,,,,,
08:47.5,/authenticated/manager/update,520,,,,,,
08:48.1,/authenticated/manager/update,520,,,,,,
08:48.2,/master/welcome,121,,,,,,
08:48.8,/master/welcome,521,,,,,,
08:48.9,/master/welcome,114,,,,,,
08:49.1,/master/welcome,121,,,,,,
08:49.6,/master/sign-in,519,,,,,,
08:50.4,/master/welcome,522,,,,,,
08:51.0,/authenticated/manager/update,520,,,,,,
08:51.6,/authenticated/manager/update,520,,,,,,
08:51.8,/master/welcome,124,,,,,,
08:52.3,/master/welcome,543,,,,,,
08:52.5,/master/welcome,121,,,,,,
08:52.6,/master/welcome,116,,,,,,
08:53.1,/master/sign-in,524,,,,,,
08:54.0,/master/welcome,521,,,,,,
08:54.6,/authenticated/manager/update,521,,,,,,
08:55.2,/authenticated/manager/update,520,,,,,,
08:55.3,/master/welcome,147,,,,,,
08:55.9,/master/welcome,521,,,,,,
08:56.0,/master/welcome,121,,,,,,
08:56.2,/master/welcome,116,,,,,,
08:56.7,/master/sign-in,523,,,,,,
08:57.5,/master/welcome,523,,,,,,
08:58.1,/authenticated/manager/update,523,,,,,,
08:58.8,/authenticated/manager/update,519,,,,,,
08:58.9,/master/welcome,132,,,,,,
08:59.5,/master/welcome,520,,,,,,
08:59.6,/master/welcome,114,,,,,,
08:59.7,/master/welcome,116,,,,,,
09:00.3,/master/sign-in,521,,,,,,
09:01.1,/master/welcome,522,,,,,,
09:01.7,/authenticated/manager/update,517,,,,,,
09:02.3,/authenticated/manager/update,520,,,,,,
09:02.5,/master/welcome,121,,,,,,
09:03.0,/master/welcome,525,,,,,,
09:03.2,/master/welcome,122,,,,,,
09:03.3,/master/welcome,113,,,,,,
09:03.8,/master/sign-in,518,,,,,,
09:04.7,/master/welcome,520,,,,,,
09:05.2,/authenticated/manager/update,520,,,,,,
09:05.9,/authenticated/manager/update,520,,,,,,
09:06.0,/master/welcome,126,,,,,,
09:06.6,/master/welcome,524,,,,,,
09:09.3,/master/welcome,189,,,,,,
09:09.4,/master/welcome,118,,,,,,
09:10.0,/master/sign-in,520,,,,,,
09:10.8,/master/welcome,531,,,,,,
09:11.6,/master/welcome,161,,,,,,
09:12.1,/master/welcome,519,,,,,,
09:12.3,/master/welcome,118,,,,,,
09:12.4,/master/welcome,118,,,,,,
09:12.9,/anonymous/user-account/create,521,,,,,,
09:13.9,/master/welcome,522,,,,,,
09:14.0,/master/welcome,116,,,,,,
09:14.6,/master/sign-in,521,,,,,,
09:15.4,/master/welcome,520,,,,,,
09:16.0,/authenticated/manager/create,519,,,,,,
09:16.6,/master/welcome,540,,,,,,
09:17.2,/authenticated/manager/update,520,,,,,,
09:17.4,/master/welcome,127,,,,,,
09:18.0,/master/welcome,521,,,,,,
09:18.1,/master/welcome,128,,,,,,
09:18.2,/master/welcome,126,,,,,,
09:18.8,/anonymous/user-account/create,520,,,,,,
09:19.7,/master/welcome,520,,,,,,
09:19.9,/master/welcome,125,,,,,,
09:20.4,/master/sign-in,521,,,,,,
09:21.3,/master/welcome,531,,,,,,
09:21.9,/authenticated/manager/create,528,,,,,,
09:22.5,/master/welcome,523,,,,,,
09:23.1,/authenticated/manager/update,521,,,,,,
09:23.2,/master/welcome,119,,,,,,
09:23.8,/master/welcome,523,,,,,,
09:23.9,/master/welcome,120,,,,,,
09:24.1,/master/welcome,124,,,,,,
09:24.6,/anonymous/user-account/create,526,,,,,,
09:25.6,/master/welcome,523,,,,,,
09:25.7,/master/welcome,120,,,,,,
09:26.3,/master/sign-in,521,,,,,,
09:27.1,/master/welcome,521,,,,,,
09:27.7,/authenticated/manager/create,518,,,,,,
09:28.4,/master/welcome,522,,,,,,
09:28.9,/authenticated/manager/update,523,,,,,,
09:29.1,/master/welcome,133,,,,,,
09:29.7,/master/welcome,524,,,,,,
09:29.8,/master/welcome,118,,,,,,
09:29.9,/master/welcome,118,,,,,,
09:30.5,/anonymous/user-account/create,525,,,,,,
09:31.5,/master/welcome,523,,,,,,
09:31.6,/master/welcome,119,,,,,,
09:32.1,/master/sign-in,521,,,,,,
09:33.0,/master/welcome,522,,,,,,
09:33.6,/authenticated/manager/create,521,,,,,,
09:34.2,/master/welcome,522,,,,,,
09:34.8,/authenticated/manager/update,520,,,,,,
09:35.0,/master/welcome,121,,,,,,
09:35.5,/master/welcome,523,,,,,,
09:35.7,/master/welcome,123,,,,,,
09:35.8,/master/welcome,120,,,,,,
09:36.4,/anonymous/user-account/create,522,,,,,,
09:37.3,/master/welcome,522,,,,,,
09:37.4,/master/welcome,116,,,,,,
09:38.0,/master/sign-in,522,,,,,,
09:39.0,/master/welcome,553,,,,,,
09:39.5,/authenticated/manager/create,522,,,,,,
09:40.1,/authenticated/manager/create,523,,,,,,
09:40.3,/master/welcome,116,,,,,,
09:40.8,/master/welcome,522,,,,,,
09:41.0,/master/welcome,126,,,,,,
09:41.1,/master/welcome,121,,,,,,
09:41.7,/anonymous/user-account/create,525,,,,,,
09:42.7,/master/welcome,523,,,,,,
09:42.8,/master/welcome,152,,,,,,
09:43.4,/master/sign-in,519,,,,,,
09:44.2,/master/welcome,519,,,,,,
09:44.8,/authenticated/manager/create,520,,,,,,
09:45.4,/authenticated/manager/create,524,,,,,,
09:45.5,/master/welcome,117,,,,,,
09:46.1,/master/welcome,521,,,,,,
09:46.3,/master/welcome,188,,,,,,
09:46.4,/master/welcome,119,,,,,,
09:47.0,/anonymous/user-account/create,520,,,,,,
09:47.9,/master/welcome,522,,,,,,
09:48.1,/master/welcome,129,,,,,,
09:48.6,/master/sign-in,521,,,,,,
09:49.5,/master/welcome,524,,,,,,
09:50.0,/authenticated/manager/create,520,,,,,,
09:50.6,/authenticated/manager/create,523,,,,,,
09:50.8,/master/welcome,126,,,,,,
09:51.4,/master/welcome,555,,,,,,
09:51.5,/master/welcome,138,,,,,,
09:51.7,/master/welcome,137,,,,,,
09:52.2,/anonymous/user-account/create,523,,,,,,
09:53.2,/master/welcome,525,,,,,,
09:53.4,/master/welcome,131,,,,,,
09:53.9,/master/sign-in,522,,,,,,
09:54.8,/master/welcome,525,,,,,,
09:55.3,/authenticated/manager/create,520,,,,,,
09:56.0,/authenticated/manager/create,530,,,,,,
09:56.2,/master/welcome,142,,,,,,
09:56.7,/master/welcome,525,,,,,,
09:56.9,/master/welcome,126,,,,,,
09:57.0,/master/welcome,128,,,,,,
09:57.6,/anonymous/user-account/create,523,,,,,,
09:58.5,/master/welcome,524,,,,,,
09:58.7,/master/welcome,132,,,,,,
09:59.2,/master/sign-in,523,,,,,,
10:00.2,/master/welcome,525,,,,,,
10:00.7,/authenticated/manager/create,521,,,,,,
10:01.4,/authenticated/manager/create,521,,,,,,
10:01.5,/master/welcome,130,,,,,,
10:02.1,/master/welcome,525,,,,,,
10:02.2,/master/welcome,124,,,,,,
10:02.4,/master/welcome,130,,,,,,
10:02.9,/anonymous/user-account/create,526,,,,,,
10:03.9,/master/welcome,524,,,,,,
10:04.1,/master/welcome,130,,,,,,
10:04.6,/master/sign-in,523,,,,,,
10:05.5,/master/welcome,522,,,,,,
10:06.0,/authenticated/manager/create,521,,,,,,
10:06.7,/authenticated/manager/create,522,,,,,,
10:06.9,/master/welcome,130,,,,,,
10:07.4,/master/welcome,526,,,,,,
